Entity,Code,Year,Oil Production - Tonnes (terawatt-hours)
Africa,,1965,1238.960147
Africa,,1966,1574.725428
Africa,,1967,1734.08947
Africa,,1968,2221.538947
Africa,,1969,2822.172176
Africa,,1970,3398.917898
Africa,,1971,3184.419778
Africa,,1972,3199.815431
Africa,,1973,3338.46775
Africa,,1974,3080.568044
Africa,,1975,2819.913448
Africa,,1976,3360.607208
Africa,,1977,3528.629112
Africa,,1978,3465.872926
Africa,,1979,3796.279452
Africa,,1980,3495.475302
Africa,,1981,2783.874761
Africa,,1982,2681.227871
Africa,,1983,2713.251117
Africa,,1984,2893.757967
Africa,,1985,3034.533682
Africa,,1986,3030.514475
Africa,,1987,3026.029055
Africa,,1988,3196.636197
Africa,,1989,3450.277961
Africa,,1990,3733.688214
Africa,,1991,3821.031609
Africa,,1992,3901.899761
Africa,,1993,3864.634077
Africa,,1994,3885.744391
Africa,,1995,3949.220004
Africa,,1996,4142.159483
Africa,,1997,4311.554302
Africa,,1998,4233.153397
Africa,,1999,4189.960076
Africa,,2000,4311.393137
Africa,,2001,4345.932913
Africa,,2002,4394.929746
Africa,,2003,4664.65216
Africa,,2004,5203.38711
Africa,,2005,5423.653866
Africa,,2006,5525.603239
Africa,,2007,5653.72031
Africa,,2008,5644.011705
Africa,,2009,5421.317991
Africa,,2010,5561.131524
Africa,,2011,4678.409834
Africa,,2012,5118.923201
Africa,,2013,4755.629088
Africa,,2014,4584.181146
Africa,,2015,4578.986646
Africa,,2016,4358.693198
Algeria,DZA,1965,307.97403
Algeria,DZA,1966,393.93136
Algeria,DZA,1967,454.45388
Algeria,DZA,1968,498.97352
Algeria,DZA,1969,520.83792
Algeria,DZA,1970,560.65904
Algeria,DZA,1971,431.46137
Algeria,DZA,1972,582.63974
Algeria,DZA,1973,591.82744
Algeria,DZA,1974,550.73865
Algeria,DZA,1975,532.11902
Algeria,DZA,1976,588.50126
Algeria,DZA,1977,628.64802
Algeria,DZA,1978,671.48131
Algeria,DZA,1979,669.3065
Algeria,DZA,1980,601.8525
Algeria,DZA,1981,544.6329
Algeria,DZA,1982,544.83061
Algeria,DZA,1983,533.42158
Algeria,DZA,1984,575.35936
Algeria,DZA,1985,581.46511
Algeria,DZA,1986,602.38748
Algeria,DZA,1987,612.19157
Algeria,DZA,1988,623.00747
Algeria,DZA,1989,635.64928
Algeria,DZA,1990,668.45751
Algeria,DZA,1991,670.8184
Algeria,DZA,1992,658.6069
Algeria,DZA,1993,659.0721
Algeria,DZA,1994,655.67614
Algeria,DZA,1995,658.21148
Algeria,DZA,1996,690.14746
Algeria,DZA,1997,701.59138
Algeria,DZA,1998,718.48977
Algeria,DZA,1999,743.5059
Algeria,DZA,2000,776.73281
Algeria,DZA,2001,764.68413
Algeria,DZA,2002,824.49722
Algeria,DZA,2003,918.82815
Algeria,DZA,2004,971.69813
Algeria,DZA,2005,1005.270102
Algeria,DZA,2006,1002.52926
Algeria,DZA,2007,1005.78566
Algeria,DZA,2008,995.7626507
Algeria,DZA,2009,898.23142
Algeria,DZA,2010,858.00325
Algeria,DZA,2011,833.58025
Algeria,DZA,2012,781.67556
Algeria,DZA,2013,753.43792
Algeria,DZA,2014,799.80673
Algeria,DZA,2015,781.82675
Algeria,DZA,2016,796.5092524
Angola,AGO,1965,7.61765
Angola,AGO,1966,7.33853
Angola,AGO,1967,6.24531
Angola,AGO,1968,8.7225
Angola,AGO,1969,28.58654
Angola,AGO,1970,58.90595
Angola,AGO,1971,66.53523
Angola,AGO,1972,82.07291
Angola,AGO,1973,95.07525
Angola,AGO,1974,99.33183
Angola,AGO,1975,90.60933
Angola,AGO,1976,87.96932
Angola,AGO,1977,82.13106
Angola,AGO,1978,75.23447
Angola,AGO,1979,83.736
Angola,AGO,1980,86.38764
Angola,AGO,1981,83.24754
Angola,AGO,1982,74.5483
Angola,AGO,1983,102.2277
Angola,AGO,1984,117.16062
Angola,AGO,1985,133.18676
Angola,AGO,1986,161.95938
Angola,AGO,1987,203.59478
Angola,AGO,1988,259.5816
Angola,AGO,1989,263.32646
Angola,AGO,1990,271.9094
Angola,AGO,1991,285.09782
Angola,AGO,1992,315.78939
Angola,AGO,1993,288.5403
Angola,AGO,1994,318.94112
Angola,AGO,1995,362.54199
Angola,AGO,1996,411.28332
Angola,AGO,1997,424.495
Angola,AGO,1998,418.68
Angola,AGO,1999,426.821
Angola,AGO,2000,428.5655
Angola,AGO,2001,425.0765
Angola,AGO,2002,518.698
Angola,AGO,2003,498.1446353
Angola,AGO,2004,633.4187402
Angola,AGO,2005,730.9938081
Angola,AGO,2006,809.7731191
Angola,AGO,2007,960.0451188
Angola,AGO,2008,1087.857243
Angola,AGO,2009,1018.962472
Angola,AGO,2010,1052.815032
Angola,AGO,2011,974.5361855
Angola,AGO,2012,1010.390982
Angola,AGO,2013,1015.392688
Angola,AGO,2014,965.554504
Angola,AGO,2015,1031.595383
Angola,AGO,2016,1022.241227
Argentina,ARG,1965,160.0841428
Argentina,ARG,1966,170.309319
Argentina,ARG,1967,185.6412683
Argentina,ARG,1968,203.3806276
Argentina,ARG,1969,210.5816028
Argentina,ARG,1970,232.6060155
Argentina,ARG,1971,250.8691259
Argentina,ARG,1972,258.395741
Argentina,ARG,1973,251.2216352
Argentina,ARG,1974,245.9135428
Argentina,ARG,1975,235.6302166
Argentina,ARG,1976,237.4164241
Argentina,ARG,1977,256.580659
Argentina,ARG,1978,269.9306959
Argentina,ARG,1979,282.3543431
Argentina,ARG,1980,293.855611
Argentina,ARG,1981,299.3140914
Argentina,ARG,1982,297.3943393
Argentina,ARG,1983,298.5108193
Argentina,ARG,1984,292.3986528
Argentina,ARG,1985,280.9647586
Argentina,ARG,1986,265.9624597
Argentina,ARG,1987,262.5191776
Argentina,ARG,1988,275.8607928
Argentina,ARG,1989,281.794499
Argentina,ARG,1990,295.8270966
Argentina,ARG,1991,301.00766
Argentina,ARG,1992,337.7404134
Argentina,ARG,1993,361.3188348
Argentina,ARG,1994,401.36293
Argentina,ARG,1995,435.6241079
Argentina,ARG,1996,474.69008
Argentina,ARG,1997,504.5743676
Argentina,ARG,1998,512.0464421
Argentina,ARG,1999,484.7874681
Argentina,ARG,2000,481.2378408
Argentina,ARG,2001,511.569759
Argentina,ARG,2002,503.9172252
Argentina,ARG,2003,502.0815991
Argentina,ARG,2004,478.1419337
Argentina,ARG,2005,458.7617268
Argentina,ARG,2006,459.6795012
Argentina,ARG,2007,444.9240552
Argentina,ARG,2008,439.8834074
Argentina,ARG,2009,395.5264091
Argentina,ARG,2010,387.852341
Argentina,ARG,2011,359.6000074
Argentina,ARG,2012,361.2389844
Argentina,ARG,2013,354.5375372
Argentina,ARG,2014,347.5117084
Argentina,ARG,2015,346.951937
Argentina,ARG,2016,334.9281558
Asia Pacific,,1965,522.2455403
Asia Pacific,,1966,581.6402987
Asia Pacific,,1967,616.696426
Asia Pacific,,1968,721.6399487
Asia Pacific,,1969,830.6772727
Asia Pacific,,1970,1148.65493
Asia Pacific,,1971,1379.343175
Asia Pacific,,1972,1624.507543
Asia Pacific,,1973,1939.576548
Asia Pacific,,1974,2067.801381
Asia Pacific,,1975,2198.184467
Asia Pacific,,1976,2508.017714
Asia Pacific,,1977,2738.414716
Asia Pacific,,1978,2861.917028
Asia Pacific,,1979,2935.64265
Asia Pacific,,1980,2847.525268
Asia Pacific,,1981,2814.319377
Asia Pacific,,1982,2756.463501
Asia Pacific,,1983,2959.171533
Asia Pacific,,1984,3253.959233
Asia Pacific,,1985,3363.460435
Asia Pacific,,1986,3486.254865
Asia Pacific,,1987,3517.857756
Asia Pacific,,1988,3555.610792
Asia Pacific,,1989,3659.374818
Asia Pacific,,1990,3789.094876
Asia Pacific,,1991,3896.334616
Asia Pacific,,1992,3890.219374
Asia Pacific,,1993,3914.23278
Asia Pacific,,1994,4023.382201
Asia Pacific,,1995,4095.073387
Asia Pacific,,1996,4231.234661
Asia Pacific,,1997,4272.88821
Asia Pacific,,1998,4249.490945
Asia Pacific,,1999,4205.788516
Asia Pacific,,2000,4431.577019
Asia Pacific,,2001,4386.899736
Asia Pacific,,2002,4400.525078
Asia Pacific,,2003,4349.953809
Asia Pacific,,2004,4405.592207
Asia Pacific,,2005,4452.808188
Asia Pacific,,2006,4430.567468
Asia Pacific,,2007,4440.90905
Asia Pacific,,2008,4517.391489
Asia Pacific,,2009,4469.436119
Asia Pacific,,2010,4683.409111
Asia Pacific,,2011,4596.570788
Asia Pacific,,2012,4653.813232
Asia Pacific,,2013,4581.32055
Asia Pacific,,2014,4611.524883
Asia Pacific,,2015,4651.706229
Asia Pacific,,2016,4454.358782
Australia,AUS,1965,4.026375339
Australia,AUS,1966,5.176768293
Australia,AUS,1967,12.07912602
Australia,AUS,1968,22.49412195
Australia,AUS,1969,25.88384146
Australia,AUS,1970,101.2345799
Australia,AUS,1971,177.420345
Australia,AUS,1972,189.3364652
Australia,AUS,1973,237.1872259
Australia,AUS,1974,234.6771874
Australia,AUS,1975,251.4620157
Australia,AUS,1976,257.4990247
Australia,AUS,1977,272.4299107
Australia,AUS,1978,269.709628
Australia,AUS,1979,270.7033295
Australia,AUS,1980,253.984691
Australia,AUS,1981,247.3820876
Australia,AUS,1982,243.9309087
Australia,AUS,1983,237.447056
Australia,AUS,1984,307.9994052
Australia,AUS,1985,356.8410825
Australia,AUS,1986,318.8083821
Australia,AUS,1987,338.8720361
Australia,AUS,1988,321.6083179
Australia,AUS,1989,303.3327608
Australia,AUS,1990,352.0992431
Australia,AUS,1991,332.7697279
Australia,AUS,1992,327.9468497
Australia,AUS,1993,305.8865226
Australia,AUS,1994,329.3391133
Australia,AUS,1995,310.1140088
Australia,AUS,1996,326.4059734
Australia,AUS,1997,346.4353834
Australia,AUS,1998,328.025512
Australia,AUS,1999,319.4973058
Australia,AUS,2000,431.3765421
Australia,AUS,2001,399.1474766
Australia,AUS,2002,396.6678127
Australia,AUS,2003,343.3505031
Australia,AUS,2004,299.859212
Australia,AUS,2005,294.5562402
Australia,AUS,2006,273.4156246
Australia,AUS,2007,284.6232159
Australia,AUS,2008,280.5913031
Australia,AUS,2009,260.2149297
Australia,AUS,2010,285.2874173
Australia,AUS,2011,250.3698704
Australia,AUS,2012,248.6808649
Australia,AUS,2013,207.1204557
Australia,AUS,2014,222.0796811
Australia,AUS,2015,202.5544994
Australia,AUS,2016,180.6522602
Azerbaijan,AZE,1985,153.8649
Azerbaijan,AZE,1986,151.7715
Azerbaijan,AZE,1987,161.7733
Azerbaijan,AZE,1988,159.7962
Azerbaijan,AZE,1989,153.0508
Azerbaijan,AZE,1990,145.375
Azerbaijan,AZE,1991,136.928131
Azerbaijan,AZE,1992,130.205991
Azerbaijan,AZE,1993,119.222619
Azerbaijan,AZE,1994,111.215364
Azerbaijan,AZE,1995,106.550571
Azerbaijan,AZE,1996,105.837652
Azerbaijan,AZE,1997,104.98401
Azerbaijan,AZE,1998,133.15187
Azerbaijan,AZE,1999,161.08713
Azerbaijan,AZE,2000,163.62247
Azerbaijan,AZE,2001,174.20577
Azerbaijan,AZE,2002,178.33442
Azerbaijan,AZE,2003,178.84614
Azerbaijan,AZE,2004,179.78817
Azerbaijan,AZE,2005,258.351146
Azerbaijan,AZE,2006,375.272188
Azerbaijan,AZE,2007,495.408925
Azerbaijan,AZE,2008,517.69782
Azerbaijan,AZE,2009,586.336917
Azerbaijan,AZE,2010,591.248266
Azerbaijan,AZE,2011,530.632706
Azerbaijan,AZE,2012,504.448924
Azerbaijan,AZE,2013,505.409562
Azerbaijan,AZE,2014,489.340391
Azerbaijan,AZE,2015,484.137129
Azerbaijan,AZE,2016,477.184715
Brazil,BRA,1965,58.63364275
Brazil,BRA,1966,71.59061223
Brazil,BRA,1967,90.10056862
Brazil,BRA,1968,99.00906485
Brazil,BRA,1969,107.9935265
Brazil,BRA,1970,102.2595326
Brazil,BRA,1971,107.0419186
Brazil,BRA,1972,104.997138
Brazil,BRA,1973,106.4825052
Brazil,BRA,1974,111.111103
Brazil,BRA,1975,108.2866009
Brazil,BRA,1976,105.4565268
Brazil,BRA,1977,101.6197885
Brazil,BRA,1978,101.0451789
Brazil,BRA,1979,104.6768272
Brazil,BRA,1980,114.9155079
Brazil,BRA,1981,134.2112274
Brazil,BRA,1982,163.5433668
Brazil,BRA,1983,207.3508416
Brazil,BRA,1984,290.2380635
Brazil,BRA,1985,342.7414708
Brazil,BRA,1986,360.3713726
Brazil,BRA,1987,358.5115272
Brazil,BRA,1988,350.3432443
Brazil,BRA,1989,374.1655718
Brazil,BRA,1990,396.9058715
Brazil,BRA,1991,392.2805674
Brazil,BRA,1992,398.2203411
Brazil,BRA,1993,406.4251135
Brazil,BRA,1994,421.471798
Brazil,BRA,1995,436.1714525
Brazil,BRA,1996,494.6624285
Brazil,BRA,1997,530.2834528
Brazil,BRA,1998,612.659218
Brazil,BRA,1999,691.9452285
Brazil,BRA,2000,780.2454716
Brazil,BRA,2001,816.7413195
Brazil,BRA,2002,914.1956017
Brazil,BRA,2003,948.0191703
Brazil,BRA,2004,940.9148842
Brazil,BRA,2005,1034.85388
Brazil,BRA,2006,1093.632989
Brazil,BRA,2007,1109.08639
Brazil,BRA,2008,1152.731354
Brazil,BRA,2009,1232.585814
Brazil,BRA,2010,1298.36202
Brazil,BRA,2011,1326.150022
Brazil,BRA,2012,1306.848124
Brazil,BRA,2013,1281.055538
Brazil,BRA,2014,1424.115277
Brazil,BRA,2015,1537.379361
Brazil,BRA,2016,1589.296557
Brunei,BRN,1965,46.11264895
Brunei,BRN,1966,55.36594595
Brunei,BRN,1967,59.99259446
Brunei,BRN,1968,70.59543729
Brunei,BRN,1969,71.55921571
Brunei,BRN,1970,78.49918846
Brunei,BRN,1971,74.45087102
Brunei,BRN,1972,105.3903692
Brunei,BRN,1973,132.9791312
Brunei,BRN,1974,113.2788619
Brunei,BRN,1975,106.6095481
Brunei,BRN,1976,123.5278073
Brunei,BRN,1977,129.1274463
Brunei,BRN,1978,136.4919141
Brunei,BRN,1979,148.1753582
Brunei,BRN,1980,136.2488344
Brunei,BRN,1981,98.43888684
Brunei,BRN,1982,100.9060472
Brunei,BRN,1983,100.9060472
Brunei,BRN,1984,97.12309336
Brunei,BRN,1985,94.23673334
Brunei,BRN,1986,92.96324834
Brunei,BRN,1987,87.17993771
Brunei,BRN,1988,84.36495167
Brunei,BRN,1989,83.98061027
Brunei,BRN,1990,85.1372724
Brunei,BRN,1991,92.23108121
Brunei,BRN,1992,102.9222487
Brunei,BRN,1993,98.43888684
Brunei,BRN,1994,100.7522111
Brunei,BRN,1995,98.43888684
Brunei,BRN,1996,93.21794217
Brunei,BRN,1997,91.80658621
Brunei,BRN,1998,88.33659984
Brunei,BRN,1999,102.9487125
Brunei,BRN,2000,110.3989758
Brunei,BRN,2001,115.8806499
Brunei,BRN,2002,119.9289673
Brunei,BRN,2003,122.343662
Brunei,BRN,2004,120.3614791
Brunei,BRN,2005,117.6976655
Brunei,BRN,2006,126.0712873
Brunei,BRN,2007,110.8136661
Brunei,BRN,2008,99.91757024
Brunei,BRN,2009,95.97863336
Brunei,BRN,2010,98.29308125
Brunei,BRN,2011,94.33969652
Brunei,BRN,2012,90.91748168
Brunei,BRN,2013,76.83372256
Brunei,BRN,2014,71.88980183
Brunei,BRN,2015,72.14678007
Brunei,BRN,2016,68.9145537
CIS,,1965,0
CIS,,1966,0
CIS,,1967,0
CIS,,1968,0
CIS,,1969,0
CIS,,1970,0
CIS,,1971,0
CIS,,1972,0
CIS,,1973,0
CIS,,1974,0
CIS,,1975,0
CIS,,1976,0
CIS,,1977,0
CIS,,1978,0
CIS,,1979,0
CIS,,1980,0
CIS,,1981,0
CIS,,1982,0
CIS,,1983,0
CIS,,1984,0
CIS,,1985,6933.06168
CIS,,1986,7154.45036
CIS,,1987,7268.41273
CIS,,1988,7251.29337
CIS,,1989,7060.17758
CIS,,1990,6633.11235
CIS,,1991,5997.331651
CIS,,1992,5245.207921
CIS,,1993,4685.986349
CIS,,1994,4227.28403
CIS,,1995,4166.589386
CIS,,1996,4105.231832
CIS,,1997,4204.940474
CIS,,1998,4211.298595
CIS,,1999,4298.921341
CIS,,2000,4608.229966
CIS,,2001,4971.692603
CIS,,2002,5451.106636
CIS,,2003,6003.600294
CIS,,2004,6526.976796
CIS,,2005,6749.697553
CIS,,2006,7028.750196
CIS,,2007,7303.722783
CIS,,2008,7334.096253
CIS,,2009,7550.342187
CIS,,2010,7708.855139
CIS,,2011,7730.222132
CIS,,2012,7778.583852
CIS,,2013,7870.673881
CIS,,2014,7874.711202
CIS,,2015,7937.998205
CIS,,2016,8076.859158
Canada,CAN,1965,510.2566863
Canada,CAN,1966,560.7073528
Canada,CAN,1967,612.9142581
Canada,CAN,1968,664.2978796
Canada,CAN,1969,723.5958436
Canada,CAN,1970,814.8895505
Canada,CAN,1971,874.1546822
Canada,CAN,1972,1008.473903
Canada,CAN,1973,1166.658935
Canada,CAN,1974,1097.715551
Canada,CAN,1975,948.7265586
Canada,CAN,1976,875.792799
Canada,CAN,1977,878.9293585
Canada,CAN,1978,874.4582461
Canada,CAN,1979,1003.373219
Canada,CAN,1980,968.4241096
Canada,CAN,1981,876.4554417
Canada,CAN,1982,867.1809496
Canada,CAN,1983,913.6585337
Canada,CAN,1984,974.7762353
Canada,CAN,1985,996.5191948
Canada,CAN,1986,997.1099235
Canada,CAN,1987,1050.123712
Canada,CAN,1988,1105.954473
Canada,CAN,1989,1077.176193
Canada,CAN,1990,1078.773799
Canada,CAN,1991,1084.084731
Canada,CAN,1992,1129.968221
Canada,CAN,1993,1189.529715
Canada,CAN,1994,1240.829661
Canada,CAN,1995,1301.470534
Canada,CAN,1996,1342.724523
Canada,CAN,1997,1403.789169
Canada,CAN,1998,1454.772323
Canada,CAN,1999,1407.192194
Canada,CAN,2000,1449.067664
Canada,CAN,2001,1462.124538
Canada,CAN,2002,1542.002731
Canada,CAN,2003,1630.70278
Canada,CAN,2004,1683.458773
Canada,CAN,2005,1654.733606
Canada,CAN,2006,1751.375691
Canada,CAN,2007,1805.980365
Canada,CAN,2008,1777.946775
Canada,CAN,2009,1777.132102
Canada,CAN,2010,1864.212787
Canada,CAN,2011,1974.791103
Canada,CAN,2012,2123.508811
Canada,CAN,2013,2268.607362
Canada,CAN,2014,2435.071754
Canada,CAN,2015,2507.514889
Canada,CAN,2016,2537.978558
Chad,TCD,2003,14.39107914
Chad,TCD,2004,102.7456115
Chad,TCD,2005,105.925036
Chad,TCD,2006,93.54201439
Chad,TCD,2007,87.68517986
Chad,TCD,2008,77.81223022
Chad,TCD,2009,71.95539568
Chad,TCD,2010,74.46546763
Chad,TCD,2011,69.44532374
Chad,TCD,2012,61.74776978
Chad,TCD,2013,50.70345324
Chad,TCD,2014,50.36877698
Chad,TCD,2015,44.34460432
Chad,TCD,2016,44.75311377
China,CHN,1965,131.5353
China,CHN,1966,169.2165
China,CHN,1967,161.4244
China,CHN,1968,185.9637
China,CHN,1969,252.8362
China,CHN,1970,356.4595
China,CHN,1971,458.3383
China,CHN,1972,531.1421
China,CHN,1973,623.4843
China,CHN,1974,754.2055
China,CHN,1975,896.2078
China,CHN,1976,1013.6708
China,CHN,1977,1089.0332
China,CHN,1978,1210.1015
China,CHN,1979,1234.5245
China,CHN,1980,1232.1985
China,CHN,1981,1177.1886
China,CHN,1982,1187.6556
China,CHN,1983,1233.5941
China,CHN,1984,1332.9143
China,CHN,1985,1452.587
China,CHN,1986,1519.9247
China,CHN,1987,1560.0482
China,CHN,1988,1593.8915
China,CHN,1989,1600.7532
China,CHN,1990,1608.5453
China,CHN,1991,1639.7137
China,CHN,1992,1651.9252
China,CHN,1993,1675.0689
China,CHN,1994,1698.9104
China,CHN,1995,1733.1026
China,CHN,1996,1843.5876
China,CHN,1997,1862.3119
China,CHN,1998,1862.8934
China,CHN,1999,1863.3586
China,CHN,2000,1891.2706
China,CHN,2001,1916.9729
China,CHN,2002,1940.65158
China,CHN,2003,1972.27355
China,CHN,2004,2024.21313
China,CHN,2005,2109.134227
China,CHN,2006,2148.825091
China,CHN,2007,2166.880666
China,CHN,2008,2214.812548
China,CHN,2009,2203.7687
China,CHN,2010,2361.05282
China,CHN,2011,2359.442065
China,CHN,2012,2412.96914
China,CHN,2013,2441.826485
China,CHN,2014,2458.91927
China,CHN,2015,2495.3328
China,CHN,2016,2322.33655
Colombia,COL,1965,123.9123654
Colombia,COL,1966,121.4621778
Colombia,COL,1967,117.1743495
Colombia,COL,1968,107.6677734
Colombia,COL,1969,130.6503812
Colombia,COL,1970,136.7679294
Colombia,COL,1971,135.7894385
Colombia,COL,1972,123.0154585
Colombia,COL,1973,115.6947319
Colombia,COL,1974,105.5280376
Colombia,COL,1975,98.84857274
Colombia,COL,1976,92.36291456
Colombia,COL,1977,86.84423772
Colombia,COL,1978,82.55640944
Colombia,COL,1979,77.65603426
Colombia,COL,1980,79.09724074
Colombia,COL,1981,84.39405013
Colombia,COL,1982,88.92848135
Colombia,COL,1983,95.41989429
Colombia,COL,1984,104.8946953
Colombia,COL,1985,110.7335667
Colombia,COL,1986,186.689382
Colombia,COL,1987,236.7988866
Colombia,COL,1988,232.5338498
Colombia,COL,1989,248.4372776
Colombia,COL,1990,271.8334008
Colombia,COL,1991,262.5844073
Colombia,COL,1992,270.6158065
Colombia,COL,1993,279.4891175
Colombia,COL,1994,280.5261594
Colombia,COL,1995,360.711252
Colombia,COL,1996,387.9835711
Colombia,COL,1997,405.1624919
Colombia,COL,1998,469.9550413
Colombia,COL,1999,508.2988929
Colombia,COL,2000,421.9726494
Colombia,COL,2001,369.9783261
Colombia,COL,2002,354.0521068
Colombia,COL,2003,331.3878716
Colombia,COL,2004,324.4889824
Colombia,COL,2005,322.2987899
Colombia,COL,2006,324.2294471
Colombia,COL,2007,325.5313321
Colombia,COL,2008,361.3793424
Colombia,COL,2009,410.7739495
Colombia,COL,2010,481.530366
Colombia,COL,2011,560.6422747
Colombia,COL,2012,579.9022595
Colombia,COL,2013,614.9897346
Colombia,COL,2014,606.6533573
Colombia,COL,2015,615.961536
Colombia,COL,2016,567.5249355
Denmark,DNK,1972,1.136603471
Denmark,DNK,1973,1.700246996
Denmark,DNK,1974,1.133497997
Denmark,DNK,1975,1.700246996
Denmark,DNK,1976,2.273206943
Denmark,DNK,1977,5.667489987
Denmark,DNK,1978,4.533991989
Denmark,DNK,1979,4.533991989
Denmark,DNK,1980,3.409810414
Denmark,DNK,1981,8.50123498
Denmark,DNK,1982,19.26946595
Denmark,DNK,1983,24.37020694
Denmark,DNK,1984,26.71018158
Denmark,DNK,1985,34.00493992
Denmark,DNK,1986,41.9394259
Denmark,DNK,1987,52.70765688
Denmark,DNK,1988,54.55696662
Denmark,DNK,1989,63.47588785
Denmark,DNK,1990,68.57662884
Denmark,DNK,1991,80.47835781
Denmark,DNK,1992,89.2233725
Denmark,DNK,1993,95.21383178
Denmark,DNK,1994,104.8485648
Denmark,DNK,1995,105.4153138
Denmark,DNK,1996,118.206761
Denmark,DNK,1997,130.3522697
Denmark,DNK,1998,134.8862617
Denmark,DNK,1999,169.4579506
Denmark,DNK,2000,206.29353
Denmark,DNK,2001,197.2286515
Denmark,DNK,2002,210.2638785
Denmark,DNK,2003,208.5636315
Denmark,DNK,2004,221.6376769
Denmark,DNK,2005,215.3507329
Denmark,DNK,2006,195.8336158
Denmark,DNK,2007,176.4137139
Denmark,DNK,2008,163.2324812
Denmark,DNK,2009,150.0610875
Denmark,DNK,2010,141.3809789
Denmark,DNK,2011,127.2394106
Denmark,DNK,2012,116.0672953
Denmark,DNK,2013,100.9821968
Denmark,DNK,2014,94.55665667
Denmark,DNK,2015,89.43251356
Denmark,DNK,2016,80.52742256
Ecuador,ECU,1965,4.986725404
Ecuador,ECU,1966,4.363384728
Ecuador,ECU,1967,3.740044053
Ecuador,ECU,1968,3.125242291
Ecuador,ECU,1969,2.493362702
Ecuador,ECU,1970,2.493362702
Ecuador,ECU,1971,2.493362702
Ecuador,ECU,1972,48.75377974
Ecuador,ECU,1973,130.2782012
Ecuador,ECU,1974,110.3312996
Ecuador,ECU,1975,100.3578488
Ecuador,ECU,1976,117.5091101
Ecuador,ECU,1977,114.4372876
Ecuador,ECU,1978,126.6467044
Ecuador,ECU,1979,134.1267925
Ecuador,ECU,1980,128.2437786
Ecuador,ECU,1981,132.2567705
Ecuador,ECU,1982,132.2567705
Ecuador,ECU,1983,149.0869687
Ecuador,ECU,1984,162.1639514
Ecuador,ECU,1985,177.0470007
Ecuador,ECU,1986,184.5270888
Ecuador,ECU,1987,109.1931655
Ecuador,ECU,1988,191.9081755
Ecuador,ECU,1989,177.2458463
Ecuador,ECU,1990,180.529648
Ecuador,ECU,1991,189.6223614
Ecuador,ECU,1992,203.0097905
Ecuador,ECU,1993,217.7812391
Ecuador,ECU,1994,239.5981627
Ecuador,ECU,1995,244.2189442
Ecuador,ECU,1996,243.3798383
Ecuador,ECU,1997,245.2082288
Ecuador,ECU,1998,237.7281407
Ecuador,ECU,1999,236.4814594
Ecuador,ECU,2000,251.1202229
Ecuador,ECU,2001,254.7974868
Ecuador,ECU,2002,245.0814327
Ecuador,ECU,2003,261.2882903
Ecuador,ECU,2004,329.5093821
Ecuador,ECU,2005,332.3491273
Ecuador,ECU,2006,334.6427825
Ecuador,ECU,2007,319.3138735
Ecuador,ECU,2008,316.2074629
Ecuador,ECU,2009,303.716443
Ecuador,ECU,2010,303.7296932
Ecuador,ECU,2011,311.7919328
Ecuador,ECU,2012,315.1510606
Ecuador,ECU,2013,328.4635279
Ecuador,ECU,2014,346.9226858
Ecuador,ECU,2015,338.5331173
Ecuador,ECU,2016,340.8272606
Egypt,EGY,1965,75.33914
Egypt,EGY,1966,72.76891
Egypt,EGY,1967,64.90703
Egypt,EGY,1968,99.75051
Egypt,EGY,1969,142.99085
Egypt,EGY,1970,190.77852
Egypt,EGY,1971,173.89176
Egypt,EGY,1972,124.6736
Egypt,EGY,1973,98.61077
Egypt,EGY,1974,86.67839
Egypt,EGY,1975,136.46642
Egypt,EGY,1976,193.1743
Egypt,EGY,1977,243.067
Egypt,EGY,1978,292.9597
Egypt,EGY,1979,304.0082
Egypt,EGY,1980,346.3414
Egypt,EGY,1981,373.92776
Egypt,EGY,1982,387.44182
Egypt,EGY,1983,423.6809
Egypt,EGY,1984,486.55268
Egypt,EGY,1985,524.12921
Egypt,EGY,1986,478.40005
Egypt,EGY,1987,537.87587
Egypt,EGY,1988,514.44142
Egypt,EGY,1989,517.77923
Egypt,EGY,1990,529.15337
Egypt,EGY,1991,528.21134
Egypt,EGY,1992,534.80555
Egypt,EGY,1993,552.73901
Egypt,EGY,1994,540.76011
Egypt,EGY,1995,541.81844
Egypt,EGY,1996,524.2804
Egypt,EGY,1997,509.30096
Egypt,EGY,1998,499.64806
Egypt,EGY,1999,481.02843
Egypt,EGY,2000,452.6054482
Egypt,EGY,2001,437.2890794
Egypt,EGY,2002,433.107788
Egypt,EGY,2003,431.1529313
Egypt,EGY,2004,405.1968382
Egypt,EGY,2005,385.7354831
Egypt,EGY,2006,385.6705317
Egypt,EGY,2007,393.2103
Egypt,EGY,2008,403.0303377
Egypt,EGY,2009,410.0738
Egypt,EGY,2010,407.3989
Egypt,EGY,2011,402.3862698
Egypt,EGY,2012,403.8643937
Egypt,EGY,2013,399.6190459
Egypt,EGY,2014,408.6804944
Egypt,EGY,2015,412.06253
Egypt,EGY,2016,393.50105
Equatorial Guinea,GNQ,1992,1.155109905
Equatorial Guinea,GNQ,1993,2.879884668
Equatorial Guinea,GNQ,1994,2.879884668
Equatorial Guinea,GNQ,1995,4.031838535
Equatorial Guinea,GNQ,1996,9.818434193
Equatorial Guinea,GNQ,1997,34.55861601
Equatorial Guinea,GNQ,1998,47.80608548
Equatorial Guinea,GNQ,1999,57.59769335
Equatorial Guinea,GNQ,2000,66.25600879
Equatorial Guinea,GNQ,2001,108.7990635
Equatorial Guinea,GNQ,2002,129.1141672
Equatorial Guinea,GNQ,2003,147.9590401
Equatorial Guinea,GNQ,2004,192.6125851
Equatorial Guinea,GNQ,2005,191.2874015
Equatorial Guinea,GNQ,2006,181.1358326
Equatorial Guinea,GNQ,2007,185.0141507
Equatorial Guinea,GNQ,2008,186.679861
Equatorial Guinea,GNQ,2009,164.6358326
Equatorial Guinea,GNQ,2010,146.8749423
Equatorial Guinea,GNQ,2011,135.4097937
Equatorial Guinea,GNQ,2012,147.8888738
Equatorial Guinea,GNQ,2013,144.5577363
Equatorial Guinea,GNQ,2014,152.4165384
Equatorial Guinea,GNQ,2015,157.3792708
Equatorial Guinea,GNQ,2016,152.6190489
Europe & Eurasia,,1965,3278.42722
Europe & Eurasia,,1966,3543.96338
Europe & Eurasia,,1967,3826.45608
Europe & Eurasia,,1968,4078.86197
Europe & Eurasia,,1969,4307.10072
Europe & Eurasia,,1970,4594.17564
Europe & Eurasia,,1971,4868.58294
Europe & Eurasia,,1972,5158.456683
Europe & Eurasia,,1973,5493.961901
Europe & Eurasia,,1974,5844.462872
Europe & Eurasia,,1975,6316.64596
Europe & Eurasia,,1976,6821.995935
Europe & Eurasia,,1977,7426.778388
Europe & Eurasia,,1978,7943.772772
Europe & Eurasia,,1979,8407.215038
Europe & Eurasia,,1980,8682.467462
Europe & Eurasia,,1981,8838.175647
Europe & Eurasia,,1982,9079.72001
Europe & Eurasia,,1983,9362.848988
Europe & Eurasia,,1984,9505.843639
Europe & Eurasia,,1985,9387.628069
Europe & Eurasia,,1986,9656.879684
Europe & Eurasia,,1987,9818.921973
Europe & Eurasia,,1988,9782.941972
Europe & Eurasia,,1989,9525.261142
Europe & Eurasia,,1990,9167.877598
Europe & Eurasia,,1991,8663.894547
Europe & Eurasia,,1992,8091.458894
Europe & Eurasia,,1993,7670.700924
Europe & Eurasia,,1994,7704.913554
Europe & Eurasia,,1995,7784.668113
Europe & Eurasia,,1996,7908.918935
Europe & Eurasia,,1997,8008.128506
Europe & Eurasia,,1998,7983.522287
Europe & Eurasia,,1999,8132.523612
Europe & Eurasia,,2000,8473.355436
Europe & Eurasia,,2001,8730.65448
Europe & Eurasia,,2002,9184.496706
Europe & Eurasia,,2003,9572.80381
Europe & Eurasia,,2004,9931.426859
Europe & Eurasia,,2005,9878.231069
Europe & Eurasia,,2006,9918.771642
Europe & Eurasia,,2007,10050.28846
Europe & Eurasia,,2008,9948.876688
Europe & Eurasia,,2009,10020.21728
Europe & Eurasia,,2010,9996.207682
Europe & Eurasia,,2011,9821.750736
Europe & Eurasia,,2012,9695.281438
Europe & Eurasia,,2013,9691.467474
Europe & Eurasia,,2014,9708.046764
Europe & Eurasia,,2015,9854.375539
Europe & Eurasia,,2016,10008.55158
European Union,,1965,402.07236
European Union,,1966,400.7698
European Union,,1967,404.58444
European Union,,1968,404.30532
European Union,,1969,400.25808
European Union,,1970,396.37366
European Union,,1971,385.98807
European Union,,1972,381.0770735
European Union,,1973,382.164067
European Union,,1974,388.133378
European Union,,1975,400.748807
European Union,,1976,521.2038069
European Union,,1977,816.62739
European Union,,1978,989.909002
European Union,,1979,1253.886742
European Union,,1980,1276.49939
European Union,,1981,1382.643885
European Union,,1982,1571.176666
European Union,,1983,1741.155917
European Union,,1984,1873.623962
European Union,,1985,1904.50436
European Union,,1986,1908.856806
European Union,,1987,1875.337997
European Union,,1988,1779.495307
European Union,,1989,1504.758528
European Union,,1990,1509.080059
European Union,,1991,1495.837728
European Union,,1992,1525.888902
European Union,,1993,1590.552712
European Union,,1994,1919.396055
European Union,,1995,1948.642384
European Union,,1996,1945.093681
European Union,,1997,1928.770113
European Union,,1998,1978.526342
European Union,,1999,2045.644434
European Union,,2000,1949.526538
European Union,,2001,1825.814191
European Union,,2002,1855.986141
European Union,,2003,1738.679871
European Union,,2004,1616.500463
European Union,,2005,1479.61416
European Union,,2006,1349.753472
European Union,,2007,1327.610422
European Union,,2008,1239.857627
European Union,,2009,1162.915583
European Union,,2010,1088.912429
European Union,,2011,950.4983139
European Union,,2012,849.020433
European Union,,2013,797.1417143
European Union,,2014,783.0125348
European Union,,2015,836.1339961
European Union,,2016,823.396287
Gabon,GAB,1965,14.71195
Gabon,GAB,1966,16.82861
Gabon,GAB,1967,40.06535
Gabon,GAB,1968,53.97483
Gabon,GAB,1969,58.46401
Gabon,GAB,1970,63.06949
Gabon,GAB,1971,67.39585
Gabon,GAB,1972,73.30389
Gabon,GAB,1973,88.35311
Gabon,GAB,1974,118.64926
Gabon,GAB,1975,131.59345
Gabon,GAB,1976,131.69812
Gabon,GAB,1977,131.03521
Gabon,GAB,1978,123.278
Gabon,GAB,1979,113.95074
Gabon,GAB,1980,103.44885
Gabon,GAB,1981,88.99276
Gabon,GAB,1982,90.62096
Gabon,GAB,1983,91.51647
Gabon,GAB,1984,101.5299
Gabon,GAB,1985,100.32038
Gabon,GAB,1986,96.47085
Gabon,GAB,1987,89.88827
Gabon,GAB,1988,103.41396
Gabon,GAB,1989,118.94001
Gabon,GAB,1990,156.92359
Gabon,GAB,1991,171.05404
Gabon,GAB,1992,168.07676
Gabon,GAB,1993,177.04349
Gabon,GAB,1994,195.81431
Gabon,GAB,1995,206.50228
Gabon,GAB,1996,212.2475
Gabon,GAB,1997,211.59622
Gabon,GAB,1998,195.94224
Gabon,GAB,1999,197.41925
Gabon,GAB,2000,160.713554
Gabon,GAB,2001,152.1445828
Gabon,GAB,2002,148.6603557
Gabon,GAB,2003,159.1130369
Gabon,GAB,2004,158.9666676
Gabon,GAB,2005,156.9819094
Gabon,GAB,2006,140.4957083
Gabon,GAB,2007,142.5953616
Gabon,GAB,2008,139.5026258
Gabon,GAB,2009,139.9499622
Gabon,GAB,2010,144.5954241
Gabon,GAB,2011,145.7568331
Gabon,GAB,2012,147.3207579
Gabon,GAB,2013,134.7234473
Gabon,GAB,2014,134.7234473
Gabon,GAB,2015,133.340906
Gabon,GAB,2016,132.2065216
India,IND,1965,35.14586
India,IND,1966,54.04461
India,IND,1967,65.90721
India,IND,1968,68.07039
India,IND,1969,78.18849
India,IND,1970,79.18867
India,IND,1971,83.56155
India,IND,1972,85.74799
India,IND,1973,83.71274
India,IND,1974,87.1087
India,IND,1975,96.33129
India,IND,1976,100.70417
India,IND,1977,118.45155
India,IND,1978,131.08173
India,IND,1979,149.31757
India,IND,1980,109.31037
India,IND,1981,174.15925
India,IND,1982,231.21603
India,IND,1983,294.89028
India,IND,1984,327.89622
India,IND,1985,351.24926
India,IND,1986,367.76386
India,IND,1987,356.85492
India,IND,1988,375.48618
India,IND,1989,400.64187
India,IND,1990,397.40873
India,IND,1991,374.2534
India,IND,1992,339.43318
India,IND,1993,324.18625
India,IND,1994,376.55614
India,IND,1995,426.20461
India,IND,1996,404.724
India,IND,1997,413.85355
India,IND,1998,403.50285
India,IND,1999,402.56082
India,IND,2000,397.32732
India,IND,2001,396.44344
India,IND,2002,409.86446
India,IND,2003,411.55081
India,IND,2004,422.61094
India,IND,2005,406.16612
India,IND,2006,419.20335
India,IND,2007,423.7972
India,IND,2008,439.57911
India,IND,2009,441.91674
India,IND,2010,479.975915
India,IND,2011,498.707193
India,IND,2012,494.8345426
India,IND,2013,493.9312288
India,IND,2014,484.27691
India,IND,2015,478.8286388
India,IND,2016,467.7749518
Indonesia,IDN,1965,285.3451867
Indonesia,IDN,1966,278.2996266
Indonesia,IDN,1967,299.4363071
Indonesia,IDN,1968,352.6544149
Indonesia,IDN,1969,376.9374689
Indonesia,IDN,1970,501.4090318
Indonesia,IDN,1971,523.7199723
Indonesia,IDN,1972,636.4264149
Indonesia,IDN,1973,785.5799585
Indonesia,IDN,1974,807.303769
Indonesia,IDN,1975,766.7917981
Indonesia,IDN,1976,885.3470529
Indonesia,IDN,1977,987.8129776
Indonesia,IDN,1978,954.8769409
Indonesia,IDN,1979,925.1074921
Indonesia,IDN,1980,919.1779347
Indonesia,IDN,1981,929.9591431
Indonesia,IDN,1982,774.3696894
Indonesia,IDN,1983,822.052475
Indonesia,IDN,1984,870.9994935
Indonesia,IDN,1985,771.5318944
Indonesia,IDN,1986,818.3999189
Indonesia,IDN,1987,812.0570251
Indonesia,IDN,1988,782.5797546
Indonesia,IDN,1989,833.0606903
Indonesia,IDN,1990,865.6618942
Indonesia,IDN,1991,942.0945131
Indonesia,IDN,1992,892.374054
Indonesia,IDN,1993,893.7774585
Indonesia,IDN,1994,894.8167123
Indonesia,IDN,1995,889.1665645
Indonesia,IDN,1996,892.3267519
Indonesia,IDN,1997,880.5205352
Indonesia,IDN,1998,862.952053
Indonesia,IDN,1999,797.8668013
Indonesia,IDN,2000,835.153296
Indonesia,IDN,2001,792.873839
Indonesia,IDN,2002,736.5128467
Indonesia,IDN,2003,670.4388671
Indonesia,IDN,2004,646.0476448
Indonesia,IDN,2005,624.7098149
Indonesia,IDN,2006,584.1273646
Indonesia,IDN,2007,556.3171964
Indonesia,IDN,2008,574.8375598
Indonesia,IDN,2009,562.9780846
Indonesia,IDN,2010,565.480075
Indonesia,IDN,2011,538.5467983
Indonesia,IDN,2012,518.9776128
Indonesia,IDN,2013,496.6052296
Indonesia,IDN,2014,479.4094908
Indonesia,IDN,2015,473.7319614
Indonesia,IDN,2016,499.9189499
Iran,IRN,1965,1112.550082
Iran,IRN,1966,1243.163929
Iran,IRN,1967,1517.802864
Iran,IRN,1968,1660.533956
Iran,IRN,1969,1968.537253
Iran,IRN,1970,2239.786363
Iran,IRN,1971,2659.602205
Iran,IRN,1972,2950.658291
Iran,IRN,1973,3435.235469
Iran,IRN,1974,3526.18341
Iran,IRN,1975,3133.934822
Iran,IRN,1976,3453.717008
Iran,IRN,1977,3321.852298
Iran,IRN,1978,3079.857239
Iran,IRN,1979,1866.442467
Iran,IRN,1980,862.4577956
Iran,IRN,1981,769.4381162
Iran,IRN,1982,1396.675008
Iran,IRN,1983,1428.564532
Iran,IRN,1984,1192.287152
Iran,IRN,1985,1283.38328
Iran,IRN,1986,1194.398763
Iran,IRN,1987,1357.519418
Iran,IRN,1988,1365.167102
Iran,IRN,1989,1672.842202
Iran,IRN,1990,1893.2346
Iran,IRN,1991,2027.933324
Iran,IRN,1992,2043.145109
Iran,IRN,1993,2143.338709
Iran,IRN,1994,2151.369799
Iran,IRN,1995,2156.859159
Iran,IRN,1996,2170.643648
Iran,IRN,1997,2174.375792
Iran,IRN,1998,2218.859264
Iran,IRN,1999,2071.505247
Iran,IRN,2000,2229.510418
Iran,IRN,2001,2207.602635
Iran,IRN,2002,2083.486365
Iran,IRN,2003,2350.638252
Iran,IRN,2004,2429.28281
Iran,IRN,2005,2417.731912
Iran,IRN,2006,2450.280429
Iran,IRN,2007,2481.069659
Iran,IRN,2008,2507.289154
Iran,IRN,2009,2412.29002
Iran,IRN,2010,2462.094924
Iran,IRN,2011,2473.546635
Iran,IRN,2012,2101.326506
Iran,IRN,2013,1974.346586
Iran,IRN,2014,2026.399279
Iran,IRN,2015,2112.083606
Iran,IRN,2016,2517.09691
Iraq,IRQ,1965,752.1753509
Iraq,IRQ,1966,797.4319028
Iraq,IRQ,1967,703.4815924
Iraq,IRQ,1968,863.3791822
Iraq,IRQ,1969,871.3318421
Iraq,IRQ,1970,887.372139
Iraq,IRQ,1971,970.4379622
Iraq,IRQ,1972,842.125004
Iraq,IRQ,1973,1156.047112
Iraq,IRQ,1974,1131.332028
Iraq,IRQ,1975,1299.106502
Iraq,IRQ,1976,1390.080411
Iraq,IRQ,1977,1348.989518
Iraq,IRQ,1978,1472.106566
Iraq,IRQ,1979,1996.280554
Iraq,IRQ,1980,1524.380355
Iraq,IRQ,1981,517.5839684
Iraq,IRQ,1982,564.1025559
Iraq,IRQ,1983,632.1402532
Iraq,IRQ,1984,704.0627785
Iraq,IRQ,1985,812.2263458
Iraq,IRQ,1986,1083.79755
Iraq,IRQ,1987,1363.687923
Iraq,IRQ,1988,1589.812242
Iraq,IRQ,1989,1616.187591
Iraq,IRQ,1990,1224.649516
Iraq,IRQ,1991,162.1561012
Iraq,IRQ,1992,304.0845719
Iraq,IRQ,1993,259.7210658
Iraq,IRQ,1994,288.3644531
Iraq,IRQ,1995,302.6861468
Iraq,IRQ,1996,332.231997
Iraq,IRQ,1997,664.5896482
Iraq,IRQ,1998,1211.678346
Iraq,IRQ,1999,1491.810674
Iraq,IRQ,2000,1497.892166
Iraq,IRQ,2001,1440.633981
Iraq,IRQ,2002,1208.049676
Iraq,IRQ,2003,767.8650132
Iraq,IRQ,2004,1162.372779
Iraq,IRQ,2005,1045.928103
Iraq,IRQ,2006,1139.98953
Iraq,IRQ,2007,1222.189972
Iraq,IRQ,2008,1387.678952
Iraq,IRQ,2009,1394.78131
Iraq,IRQ,2010,1412.807206
Iraq,IRQ,2011,1589.560137
Iraq,IRQ,2012,1773.554697
Iraq,IRQ,2013,1782.202917
Iraq,IRQ,2014,1864.032975
Iraq,IRQ,2015,2291.496151
Iraq,IRQ,2016,2546.266613
Italy,ITA,1965,26.49314
Italy,ITA,1966,21.5155
Italy,ITA,1967,20.03849
Italy,ITA,1968,18.92201
Italy,ITA,1969,18.50333
Italy,ITA,1970,17.46826
Italy,ITA,1971,15.73539
Italy,ITA,1972,14.0723
Italy,ITA,1973,12.85115
Italy,ITA,1974,12.83952
Italy,ITA,1975,14.36305
Italy,ITA,1976,15.03759
Italy,ITA,1977,14.49098
Italy,ITA,1978,17.31707
Italy,ITA,1979,19.96871
Italy,ITA,1980,19.85241
Italy,ITA,1981,17.29381
Italy,ITA,1982,20.50369
Italy,ITA,1983,26.06283
Italy,ITA,1984,26.43499
Italy,ITA,1985,27.72592
Italy,ITA,1986,29.74954
Italy,ITA,1987,45.76405
Italy,ITA,1988,56.25431
Italy,ITA,1989,53.54452
Italy,ITA,1990,54.28884
Italy,ITA,1991,50.38116
Italy,ITA,1992,52.34663
Italy,ITA,1993,53.9632
Italy,ITA,1994,56.92885
Italy,ITA,1995,60.89468
Italy,ITA,1996,63.40676
Italy,ITA,1997,69.17524
Italy,ITA,1998,65.38386
Italy,ITA,1999,58.32445
Italy,ITA,2000,53.33518
Italy,ITA,2001,48.00864
Italy,ITA,2002,64.32553
Italy,ITA,2003,64.7791
Italy,ITA,2004,63.60447
Italy,ITA,2005,71.07093
Italy,ITA,2006,67.09347
Italy,ITA,2007,68.157615
Italy,ITA,2008,60.893517
Italy,ITA,2009,53.1755001
Italy,ITA,2010,59.3849897
Italy,ITA,2011,61.7209915
Italy,ITA,2012,62.7686219
Italy,ITA,2013,64.6573339
Italy,ITA,2014,67.6966018
Italy,ITA,2015,64.18245428
Italy,ITA,2016,44.17181928
Kazakhstan,KAZ,1985,263.5358
Kazakhstan,KAZ,1986,270.8627
Kazakhstan,KAZ,1987,279.8178
Kazakhstan,KAZ,1988,290.2848
Kazakhstan,KAZ,1989,295.402
Kazakhstan,KAZ,1990,300.054
Kazakhstan,KAZ,1991,309.358
Kazakhstan,KAZ,1992,300.054
Kazakhstan,KAZ,1993,267.49
Kazakhstan,KAZ,1994,236.22856
Kazakhstan,KAZ,1995,239.96179
Kazakhstan,KAZ,1996,267.03643
Kazakhstan,KAZ,1997,299.80977
Kazakhstan,KAZ,1998,301.74035
Kazakhstan,KAZ,1999,350.42353
Kazakhstan,KAZ,2000,410.73671
Kazakhstan,KAZ,2001,466.25833
Kazakhstan,KAZ,2002,549.76173
Kazakhstan,KAZ,2003,598.343729
Kazakhstan,KAZ,2004,692.0012562
Kazakhstan,KAZ,2005,715.1658933
Kazakhstan,KAZ,2006,756.7132045
Kazakhstan,KAZ,2007,781.3115943
Kazakhstan,KAZ,2008,822.5590605
Kazakhstan,KAZ,2009,889.6325138
Kazakhstan,KAZ,2010,926.7770657
Kazakhstan,KAZ,2011,931.1449248
Kazakhstan,KAZ,2012,922.0193223
Kazakhstan,KAZ,2013,957.2458946
Kazakhstan,KAZ,2014,943.2989996
Kazakhstan,KAZ,2015,932.4237516
Kazakhstan,KAZ,2016,921.8582457
Kuwait,KWT,1965,1384.102139
Kuwait,KWT,1966,1460.22175
Kuwait,KWT,1967,1469.942955
Kuwait,KWT,1968,1548.280896
Kuwait,KWT,1969,1638.759621
Kuwait,KWT,1970,1765.421598
Kuwait,KWT,1971,1890.450598
Kuwait,KWT,1972,1946.271571
Kuwait,KWT,1973,1788.699102
Kuwait,KWT,1974,1510.393091
Kuwait,KWT,1975,1236.849311
Kuwait,KWT,1976,1278.262983
Kuwait,KWT,1977,1172.068318
Kuwait,KWT,1978,1265.107807
Kuwait,KWT,1979,1507.476588
Kuwait,KWT,1980,1009.875
Kuwait,KWT,1981,681.79615
Kuwait,KWT,1982,496.1857012
Kuwait,KWT,1983,639.7145295
Kuwait,KWT,1984,706.2559831
Kuwait,KWT,1985,645.3428082
Kuwait,KWT,1986,690.7674831
Kuwait,KWT,1987,606.097566
Kuwait,KWT,1988,733.2275453
Kuwait,KWT,1989,795.6162964
Kuwait,KWT,1990,544.2466646
Kuwait,KWT,1991,107.1935161
Kuwait,KWT,1992,627.5028644
Kuwait,KWT,1993,1123.248368
Kuwait,KWT,1994,1202.04427
Kuwait,KWT,1995,1219.858422
Kuwait,KWT,1996,1222.614194
Kuwait,KWT,1997,1222.478581
Kuwait,KWT,1998,1279.338007
Kuwait,KWT,1999,1192.73026
Kuwait,KWT,2000,1277.905824
Kuwait,KWT,2001,1239.70693
Kuwait,KWT,2002,1148.994461
Kuwait,KWT,2003,1344.279194
Kuwait,KWT,2004,1433.646052
Kuwait,KWT,2005,1516.36249
Kuwait,KWT,2006,1554.532173
Kuwait,KWT,2007,1510.412554
Kuwait,KWT,2008,1582.419545
Kuwait,KWT,2009,1406.569198
Kuwait,KWT,2010,1433.964327
Kuwait,KWT,2011,1637.480239
Kuwait,KWT,2012,1789.625272
Kuwait,KWT,2013,1759.935928
Kuwait,KWT,2014,1745.957829
Kuwait,KWT,2015,1723.82993
Kuwait,KWT,2016,1776.295566
Libya,LBY,1965,674.3279948
Libya,LBY,1966,833.5136198
Libya,LBY,1967,957.8773893
Libya,LBY,1968,1440.475445
Libya,LBY,1969,1717.878203
Libya,LBY,1970,1855.507441
Libya,LBY,1971,1519.857068
Libya,LBY,1972,1242.312546
Libya,LBY,1973,1216.877163
Libya,LBY,1974,855.801308
Libya,LBY,1975,831.9149607
Libya,LBY,1976,1087.312323
Libya,LBY,1977,1158.645157
Libya,LBY,1978,1112.386086
Libya,LBY,1979,1175.490601
Libya,LBY,1980,1026.78055
Libya,LBY,1981,687.5084285
Libya,LBY,1982,644.2255849
Libya,LBY,1983,631.8529843
Libya,LBY,1984,561.0721566
Libya,LBY,1985,562.7875117
Libya,LBY,1986,583.7656601
Libya,LBY,1987,550.0492603
Libya,LBY,1988,578.1598696
Libya,LBY,1989,638.3156485
Libya,LBY,1990,782.0248933
Libya,LBY,1991,789.5930133
Libya,LBY,1992,810.6005162
Libya,LBY,1993,768.9975227
Libya,LBY,1994,785.0266308
Libya,LBY,1995,789.5930133
Libya,LBY,1996,797.6568294
Libya,LBY,1997,815.1545512
Libya,LBY,1998,809.3636639
Libya,LBY,1999,778.9636313
Libya,LBY,2000,808.2687772
Libya,LBY,2001,779.8012161
Libya,LBY,2002,750.7622828
Libya,LBY,2003,811.5366374
Libya,LBY,2004,889.9973373
Libya,LBY,2005,953.5174954
Libya,LBY,2006,991.4870831
Libya,LBY,2007,992.8994141
Libya,LBY,2008,995.2972314
Libya,LBY,2009,900.4353399
Libya,LBY,2010,905.3589981
Libya,LBY,2011,261.8903277
Libya,LBY,2012,828.2754502
Libya,LBY,2013,541.3687347
Libya,LBY,2014,272.0369891
Libya,LBY,2015,235.8912479
Libya,LBY,2016,233.1049494
Malaysia,MYS,1965,0.555621728
Malaysia,MYS,1966,0.555621728
Malaysia,MYS,1967,0.555621728
Malaysia,MYS,1968,2.228575916
Malaysia,MYS,1969,5.00059555
Malaysia,MYS,1970,10.0011911
Malaysia,MYS,1971,38.33789921
Malaysia,MYS,1972,51.81439005
Malaysia,MYS,1973,50.56157723
Malaysia,MYS,1974,45.00535995
Malaysia,MYS,1975,54.45092932
Malaysia,MYS,1976,93.0430445
Malaysia,MYS,1977,101.6787762
Malaysia,MYS,1978,120.0142932
Malaysia,MYS,1979,156.6853272
Malaysia,MYS,1980,153.7717382
Malaysia,MYS,1981,143.9060275
Malaysia,MYS,1982,168.9090052
Malaysia,MYS,1983,213.9143652
Malaysia,MYS,1984,248.4862147
Malaysia,MYS,1985,247.2516688
Malaysia,MYS,1986,277.8108639
Malaysia,MYS,1987,274.4771335
Malaysia,MYS,1988,299.1739358
Malaysia,MYS,1989,325.3301035
Malaysia,MYS,1990,343.6656205
Malaysia,MYS,1991,357.8599035
Malaysia,MYS,1992,363.6020655
Malaysia,MYS,1993,355.605314
Malaysia,MYS,1994,361.8529717
Malaysia,MYS,1995,387.5473898
Malaysia,MYS,1996,393.0217438
Malaysia,MYS,1997,389.5772612
Malaysia,MYS,1998,395.6891002
Malaysia,MYS,1999,376.9658827
Malaysia,MYS,2000,389.6120503
Malaysia,MYS,2001,378.3272749
Malaysia,MYS,2002,397.4595963
Malaysia,MYS,2003,411.5785643
Malaysia,MYS,2004,421.9019229
Malaysia,MYS,2005,402.6840017
Malaysia,MYS,2006,380.1008959
Malaysia,MYS,2007,393.6107436
Malaysia,MYS,2008,395.6979945
Malaysia,MYS,2009,374.5371994
Malaysia,MYS,2010,379.0130508
Malaysia,MYS,2011,341.5778071
Malaysia,MYS,2012,346.3810723
Malaysia,MYS,2013,331.8251565
Malaysia,MYS,2014,345.1419115
Malaysia,MYS,2015,375.1909978
Malaysia,MYS,2016,379.736332
Mexico,MEX,1965,209.9667879
Mexico,MEX,1966,215.0333722
Mexico,MEX,1967,237.9935397
Mexico,MEX,1968,254.704741
Mexico,MEX,1969,267.0830541
Mexico,MEX,1970,281.20185
Mexico,MEX,1971,280.3681219
Mexico,MEX,1972,291.8852907
Mexico,MEX,1973,300.7446953
Mexico,MEX,1974,377.0003208
Mexico,MEX,1975,466.999083
Mexico,MEX,1976,520.7187224
Mexico,MEX,1977,632.2731177
Mexico,MEX,1978,775.6315531
Mexico,MEX,1979,938.0747649
Mexico,MEX,1980,1246.595307
Mexico,MEX,1981,1488.585798
Mexico,MEX,1982,1756.282108
Mexico,MEX,1983,1711.058509
Mexico,MEX,1984,1724.859841
Mexico,MEX,1985,1696.280436
Mexico,MEX,1986,1591.934914
Mexico,MEX,1987,1663.499614
Mexico,MEX,1988,1659.495265
Mexico,MEX,1989,1663.848517
Mexico,MEX,1990,1688.311968
Mexico,MEX,1991,1777.265154
Mexico,MEX,1992,1779.758538
Mexico,MEX,1993,1782.609045
Mexico,MEX,1994,1793.031693
Mexico,MEX,1995,1746.98085
Mexico,MEX,1996,1888.243105
Mexico,MEX,1997,1972.674519
Mexico,MEX,1998,2017.50475
Mexico,MEX,1999,1924.674185
Mexico,MEX,2000,1980.843136
Mexico,MEX,2001,2045.33562
Mexico,MEX,2002,2068.056614
Mexico,MEX,2003,2188.767525
Mexico,MEX,2004,2210.196422
Mexico,MEX,2005,2168.894718
Mexico,MEX,2006,2123.000312
Mexico,MEX,2007,2003.049796
Mexico,MEX,2008,1824.703523
Mexico,MEX,2009,1705.704214
Mexico,MEX,2010,1693.334038
Mexico,MEX,2011,1680.750518
Mexico,MEX,2012,1673.060141
Mexico,MEX,2013,1649.66486
Mexico,MEX,2014,1594.445989
Mexico,MEX,2015,1483.000336
Mexico,MEX,2016,1411.306998
Middle East,,1965,4869.0878
Middle East,,1966,5431.864684
Middle East,,1967,5812.420077
Middle East,,1968,6541.369778
Middle East,,1969,7179.164914
Middle East,,1970,8052.949528
Middle East,,1971,9467.932842
Middle East,,1972,10563.21118
Middle East,,1973,12269.10486
Middle East,,1974,12664.59912
Middle East,,1975,11400.48539
Middle East,,1976,12946.96076
Middle East,,1977,13003.45471
Middle East,,1978,12380.44054
Middle East,,1979,12666.19987
Middle East,,1980,10868.53067
Middle East,,1981,9274.378279
Middle East,,1982,7679.243893
Middle East,,1983,6726.344006
Middle East,,1984,6409.519597
Middle East,,1985,6006.800547
Middle East,,1986,7434.597174
Middle East,,1987,7457.014879
Middle East,,1988,8628.910795
Middle East,,1989,9269.63306
Middle East,,1990,9906.734773
Middle East,,1991,9786.482322
Middle East,,1992,10630.95571
Middle East,,1993,11067.83858
Middle East,,1994,11341.79015
Middle East,,1995,11388.39156
Middle East,,1996,11669.36905
Middle East,,1997,12227.57209
Middle East,,1998,12930.07811
Middle East,,1999,12568.11245
Middle East,,2000,13373.12437
Middle East,,2001,13032.28742
Middle East,,2002,12298.76806
Middle East,,2003,13202.77776
Middle East,,2004,13940.81125
Middle East,,2005,14262.76189
Middle East,,2006,14374.49885
Middle East,,2007,14120.18076
Middle East,,2008,14745.02354
Middle East,,2009,13683.62614
Middle East,,2010,14179.41634
Middle East,,2011,15416.62246
Middle East,,2012,15630.57359
Middle East,,2013,15422.39977
Middle East,,2014,15568.75136
Middle East,,2015,16416.98332
Middle East,,2016,17409.20304
Nigeria,NGA,1965,156.9657625
Nigeria,NGA,1966,239.4587179
Nigeria,NGA,1967,182.7448111
Nigeria,NGA,1968,80.99565182
Nigeria,NGA,1969,309.348583
Nigeria,NGA,1970,620.988637
Nigeria,NGA,1971,877.0605196
Nigeria,NGA,1972,1044.326915
Nigeria,NGA,1973,1177.816086
Nigeria,NGA,1974,1292.389636
Nigeria,NGA,1975,1022.568927
Nigeria,NGA,1976,1189.659538
Nigeria,NGA,1977,1201.876532
Nigeria,NGA,1978,1086.730115
Nigeria,NGA,1979,1321.033023
Nigeria,NGA,1980,1182.766291
Nigeria,NGA,1981,824.9295547
Nigeria,NGA,1982,738.9993927
Nigeria,NGA,1983,708.0645344
Nigeria,NGA,1984,797.3188988
Nigeria,NGA,1985,858.7287517
Nigeria,NGA,1986,840.3969838
Nigeria,NGA,1987,772.0538617
Nigeria,NGA,1988,854.2839258
Nigeria,NGA,1989,1010.767852
Nigeria,NGA,1990,1065.190287
Nigeria,NGA,1991,1115.736318
Nigeria,NGA,1992,1152.751945
Nigeria,NGA,1993,1148.047969
Nigeria,NGA,1994,1129.143333
Nigeria,NGA,1995,1133.861854
Nigeria,NGA,1996,1221.207632
Nigeria,NGA,1997,1316.53983
Nigeria,NGA,1998,1232.903049
Nigeria,NGA,1999,1172.108414
Nigeria,NGA,2000,1228.100941
Nigeria,NGA,2001,1291.480275
Nigeria,NGA,2002,1191.874942
Nigeria,NGA,2003,1284.100702
Nigeria,NGA,2004,1406.41799
Nigeria,NGA,2005,1433.681328
Nigeria,NGA,2006,1377.72264
Nigeria,NGA,2007,1307.244048
Nigeria,NGA,2008,1193.488377
Nigeria,NGA,2009,1225.117826
Nigeria,NGA,2010,1385.506431
Nigeria,NGA,2011,1347.777375
Nigeria,NGA,2012,1330.535496
Nigeria,NGA,2013,1269.631415
Nigeria,NGA,2014,1312.361506
Nigeria,NGA,2015,1303.060094
Nigeria,NGA,2016,1148.799169
Non-OECD,,1965,12238.13676
Non-OECD,,1966,13434.92117
Non-OECD,,1967,14448.52097
Non-OECD,,1968,16080.63148
Non-OECD,,1969,17655.84634
Non-OECD,,1970,19720.50075
Non-OECD,,1971,21290.46158
Non-OECD,,1972,22782.79735
Non-OECD,,1973,25405.72971
Non-OECD,,1974,25763.00888
Non-OECD,,1975,24319.40149
Non-OECD,,1976,27031.91518
Non-OECD,,1977,27756.82148
Non-OECD,,1978,27497.34582
Non-OECD,,1979,28500.45587
Non-OECD,,1980,26419.55706
Non-OECD,,1981,24119.45131
Non-OECD,,1982,22312.4611
Non-OECD,,1983,21623.7206
Non-OECD,,1984,21782.05942
Non-OECD,,1985,21376.46434
Non-OECD,,1986,23333.3986
Non-OECD,,1987,23435.20246
Non-OECD,,1988,24931.80391
Non-OECD,,1989,25778.22216
Non-OECD,,1990,26537.30248
Non-OECD,,1991,26127.59556
Non-OECD,,1992,26362.61756
Non-OECD,,1993,26356.92335
Non-OECD,,1994,26461.90594
Non-OECD,,1995,26866.70677
Non-OECD,,1996,27634.00655
Non-OECD,,1997,28631.96679
Non-OECD,,1998,29487.2597
Non-OECD,,1999,29001.05352
Non-OECD,,2000,30379.35298
Non-OECD,,2001,30474.01031
Non-OECD,,2002,30250.14344
Non-OECD,,2003,31948.32732
Non-OECD,,2004,34129.12294
Non-OECD,,2005,35019.4863
Non-OECD,,2006,35593.23646
Non-OECD,,2007,35633.86872
Non-OECD,,2008,36421.11032
Non-OECD,,2009,35287.47928
Non-OECD,,2010,36284.19351
Non-OECD,,2011,36644.99163
Non-OECD,,2012,37382.93597
Non-OECD,,2013,36884.13932
Non-OECD,,2014,37033.76109
Non-OECD,,2015,38065.43062
Non-OECD,,2016,38639.78646
Non-OPEC,,1965,10107.83373
Non-OPEC,,1966,10846.47166
Non-OPEC,,1967,11715.45937
Non-OPEC,,1968,12569.15861
Non-OPEC,,1969,13214.72817
Non-OPEC,,1970,14263.87646
Non-OPEC,,1971,14731.84313
Non-OPEC,,1972,15397.70482
Non-OPEC,,1973,16075.52597
Non-OPEC,,1974,16327.46867
Non-OPEC,,1975,16731.62447
Non-OPEC,,1976,17467.50372
Non-OPEC,,1977,18519.53644
Non-OPEC,,1978,19635.88195
Non-OPEC,,1979,20414.20448
Non-OPEC,,1980,20985.93533
Non-OPEC,,1981,21334.39972
Non-OPEC,,1982,21865.56482
Non-OPEC,,1983,22497.02122
Non-OPEC,,1984,23384.79333
Non-OPEC,,1985,23549.22349
Non-OPEC,,1986,23723.65694
Non-OPEC,,1987,23979.35178
Non-OPEC,,1988,24036.73373
Non-OPEC,,1989,23625.38309
Non-OPEC,,1990,23449.02647
Non-OPEC,,1991,23273.73683
Non-OPEC,,1992,22718.41519
Non-OPEC,,1993,22340.89174
Non-OPEC,,1994,22589.44114
Non-OPEC,,1995,22897.11256
Non-OPEC,,1996,23481.81386
Non-OPEC,,1997,23867.69406
Non-OPEC,,1998,23939.55594
Non-OPEC,,1999,23841.45159
Non-OPEC,,2000,24492.98716
Non-OPEC,,2001,24797.44507
Non-OPEC,,2002,25459.68919
Non-OPEC,,2003,25890.87192
Non-OPEC,,2004,26268.12562
Non-OPEC,,2005,26134.44547
Non-OPEC,,2006,26201.3588
Non-OPEC,,2007,26273.4498
Non-OPEC,,2008,26081.06392
Non-OPEC,,2009,26333.55189
Non-OPEC,,2010,26848.51118
Non-OPEC,,2011,26753.0234
Non-OPEC,,2012,27172.77815
Non-OPEC,,2013,27834.07459
Non-OPEC,,2014,29030.18477
Non-OPEC,,2015,29729.16139
Non-OPEC,,2016,29286.7614
North America,,1965,5694.309833
North America,,1966,6062.027677
North America,,1967,6482.405359
North America,,1968,6767.500882
North America,,1969,6937.699443
North America,,1970,7300.578344
North America,,1971,7270.598497
North America,,1972,7439.695348
North America,,1973,7452.809724
North America,,1974,7189.771176
North America,,1975,6879.155414
North America,,1976,6722.816994
North America,,1977,6893.610406
North America,,1978,7281.401617
North America,,1979,7488.85714
North America,,1980,7799.668606
North America,,1981,7933.446864
North America,,1982,8214.274442
North America,,1983,8241.572645
North America,,1984,8469.704524
North America,,1985,8492.740349
North America,,1986,8198.536708
North America,,1987,8147.860492
North America,,1988,8104.340358
North America,,1989,7730.679543
North America,,1990,7612.344394
North America,,1991,7779.638596
North America,,1992,7713.287362
North America,,1993,7589.3243
North America,,1994,7540.478945
North America,,1995,7509.181552
North America,,1996,7674.301618
North America,,1997,7795.282933
North America,,1998,7753.623635
North America,,1999,7432.906348
North America,,2000,7472.153373
North America,,2001,7514.375338
North America,,2002,7586.96222
North America,,2003,7687.00035
North America,,2004,7677.730497
North America,,2005,7416.773761
North America,,2006,7415.787453
North America,,2007,7357.572251
North America,,2008,7117.890419
North America,,2009,7232.389321
North America,,2010,7426.714474
North America,,2011,7667.073949
North America,,2012,8369.227831
North America,,2013,9115.912018
North America,,2014,10109.07679
North America,,2015,10563.08557
North America,,2016,10264.89912
Norway,NOR,1971,3.405040107
Norway,NOR,1972,18.77902941
Norway,NOR,1973,18.1602139
Norway,NOR,1974,19.86273396
Norway,NOR,1975,107.2587634
Norway,NOR,1976,158.7681578
Norway,NOR,1977,162.8744184
Norway,NOR,1978,202.0323797
Norway,NOR,1979,226.7794159
Norway,NOR,1980,291.3272011
Norway,NOR,1981,282.5199224
Norway,NOR,1982,293.4425344
Norway,NOR,1983,365.1545708
Norway,NOR,1984,418.153937
Norway,NOR,1985,456.0218494
Norway,NOR,1986,500.4859981
Norway,NOR,1987,582.8406765
Norway,NOR,1988,662.6720749
Norway,NOR,1989,871.1927146
Norway,NOR,1990,955.3236889
Norway,NOR,1991,1091.385308
Norway,NOR,1992,1243.255171
Norway,NOR,1993,1327.312623
Norway,NOR,1994,1495.419839
Norway,NOR,1995,1609.588363
Norway,NOR,1996,1798.745442
Norway,NOR,1997,1816.930829
Norway,NOR,1998,1739.85045
Norway,NOR,1999,1740.705146
Norway,NOR,2000,1869.346421
Norway,NOR,2001,1889.756157
Norway,NOR,2002,1836.629149
Norway,NOR,2003,1789.289481
Norway,NOR,2004,1747.601815
Norway,NOR,2005,1613.434492
Norway,NOR,2006,1500.805558
Norway,NOR,2007,1379.340146
Norway,NOR,2008,1334.589073
Norway,NOR,2009,1264.020565
Norway,NOR,2010,1149.611396
Norway,NOR,2011,1090.626312
Norway,NOR,2012,1014.905121
Norway,NOR,2013,967.5183342
Norway,NOR,2014,992.3111333
Norway,NOR,2015,1023.697033
Norway,NOR,2016,1051.598937
OECD,,1965,5996.474853
OECD,,1966,6363.113449
OECD,,1967,6794.79592
OECD,,1968,7095.619948
OECD,,1969,7271.985605
OECD,,1970,7702.729881
OECD,,1971,7740.046778
OECD,,1972,7927.712488
OECD,,1973,7987.93366
OECD,,1974,7724.959244
OECD,,1975,7525.040363
OECD,,1976,7542.22449
OECD,,1977,8029.077794
OECD,,1978,8635.176274
OECD,,1979,9148.491487
OECD,,1980,9538.853387
OECD,,1981,9768.664564
OECD,,1982,10247.61975
OECD,,1983,10509.92683
OECD,,1984,10997.39001
OECD,,1985,11148.82459
OECD,,1986,10875.21028
OECD,,1987,10900.47352
OECD,,1988,10825.19551
OECD,,1989,10373.28769
OECD,,1990,10393.65032
OECD,,1991,10688.69973
OECD,,1992,10798.47901
OECD,,1993,10795.64802
OECD,,1994,11263.49488
OECD,,1995,11349.6923
OECD,,1996,11722.5629
OECD,,1997,11872.20181
OECD,,1998,11778.37136
OECD,,1999,11513.34358
OECD,,2000,11695.24155
OECD,,2001,11599.42311
OECD,,2002,11645.23111
OECD,,2003,11526.28446
OECD,,2004,11310.77801
OECD,,2005,10774.10915
OECD,,2006,10517.19465
OECD,,2007,10342.16992
OECD,,2008,9977.712581
OECD,,2009,9928.083115
OECD,,2010,9963.06133
OECD,,2011,9967.387943
OECD,,2012,10491.12849
OECD,,2013,11092.87669
OECD,,2014,12117.30285
OECD,,2015,12635.08389
OECD,,2016,12327.43971
OPEC,,1965,8126.77788
OPEC,,1966,8951.562959
OPEC,,1967,9527.857526
OPEC,,1968,10607.09282
OPEC,,1969,11713.10378
OPEC,,1970,13159.35417
OPEC,,1971,14298.66523
OPEC,,1972,15312.80502
OPEC,,1973,17318.1374
OPEC,,1974,17160.49946
OPEC,,1975,15112.81738
OPEC,,1976,17106.63595
OPEC,,1977,17266.36284
OPEC,,1978,16496.64014
OPEC,,1979,17234.74288
OPEC,,1980,14972.47513
OPEC,,1981,12553.71616
OPEC,,1982,10694.51604
OPEC,,1983,9636.626213
OPEC,,1984,9394.65609
OPEC,,1985,8976.065437
OPEC,,1986,10484.95195
OPEC,,1987,10356.3242
OPEC,,1988,11720.26568
OPEC,,1989,12526.12676
OPEC,,1990,13481.92633
OPEC,,1991,13542.55847
OPEC,,1992,14442.68138
OPEC,,1993,14811.67964
OPEC,,1994,15135.95968
OPEC,,1995,15319.28651
OPEC,,1996,15874.75559
OPEC,,1997,16636.47455
OPEC,,1998,17326.07513
OPEC,,1999,16672.94551
OPEC,,2000,17581.60737
OPEC,,2001,17275.98834
OPEC,,2002,16435.68537
OPEC,,2003,17583.73985
OPEC,,2004,19171.77533
OPEC,,2005,19659.14998
OPEC,,2006,19909.0723
OPEC,,2007,19702.58885
OPEC,,2008,20317.75898
OPEC,,2009,18882.0105
OPEC,,2010,19398.74365
OPEC,,2011,19859.35617
OPEC,,2012,20701.2863
OPEC,,2013,20142.94142
OPEC,,2014,20120.87917
OPEC,,2015,20971.35313
OPEC,,2016,21680.46477
Oman,OMN,1967,32.83068521
Oman,OMN,1968,139.1907436
Oman,OMN,1969,188.3444573
Oman,OMN,1970,191.2243419
Oman,OMN,1971,169.3372185
Oman,OMN,1972,162.8704966
Oman,OMN,1973,168.7612415
Oman,OMN,1974,167.0333107
Oman,OMN,1975,196.4081343
Oman,OMN,1976,211.9626676
Oman,OMN,1977,195.8321574
Oman,OMN,1978,180.8567571
Oman,OMN,1979,169.9131954
Oman,OMN,1980,164.1819447
Oman,OMN,1981,189.6523221
Oman,OMN,1982,194.2601376
Oman,OMN,1983,224.7869151
Oman,OMN,1984,241.3636999
Oman,OMN,1985,288.3002888
Oman,OMN,1986,324.0108586
Oman,OMN,1987,337.4142391
Oman,OMN,1988,359.7081949
Oman,OMN,1989,372.860654
Oman,OMN,1990,398.2036391
Oman,OMN,1991,410.7192207
Oman,OMN,1992,430.7474541
Oman,OMN,1993,451.091728
Oman,OMN,1994,470.4649107
Oman,OMN,1995,497.8476486
Oman,OMN,1996,515.9607084
Oman,OMN,1997,522.3028348
Oman,OMN,1998,519.998927
Oman,OMN,1999,519.8326198
Oman,OMN,2000,546.8980701
Oman,OMN,2001,545.3919432
Oman,OMN,2002,511.8564195
Oman,OMN,2003,467.8142151
Oman,OMN,2004,446.9356202
Oman,OMN,2005,441.9325553
Oman,OMN,2006,420.7687372
Oman,OMN,2007,405.164074
Oman,OMN,2008,431.1352546
Oman,OMN,2009,461.2415605
Oman,OMN,2010,490.8049141
Oman,OMN,2011,502.5687513
Oman,OMN,2012,523.3462969
Oman,OMN,2013,535.9359218
Oman,OMN,2014,537.5264857
Oman,OMN,2015,558.5996723
Oman,OMN,2016,573.5469927
Other Africa,,1965,1.19789
Other Africa,,1966,1.19789
Other Africa,,1967,1.15137
Other Africa,,1968,1.03507
Other Africa,,1969,0.67454
Other Africa,,1970,0.51172
Other Africa,,1971,0.26749
Other Africa,,1972,0.32564
Other Africa,,1973,0.48846
Other Africa,,1974,0.29075
Other Africa,,1975,0.2326
Other Africa,,1976,14.72204637
Other Africa,,1977,14.10904313
Other Africa,,1978,18.04362549
Other Africa,,1979,32.24864808
Other Africa,,1980,45.61222099
Other Africa,,1981,70.05777808
Other Africa,,1982,87.76183313
Other Africa,,1983,95.75483819
Other Africa,,1984,120.9612018
Other Africa,,1985,141.9736084
Other Africa,,1986,136.8664409
Other Africa,,1987,128.6773234
Other Africa,,1988,124.4903316
Other Africa,,1989,115.2166208
Other Africa,,1990,111.7071213
Other Africa,,1991,103.5354488
Other Africa,,1992,96.22246643
Other Africa,,1993,96.91434919
Other Africa,,1994,91.26811427
Other Africa,,1995,91.22057185
Other Africa,,1996,100.0786176
Other Africa,,1997,109.3148949
Other Africa,,1998,97.06711383
Other Africa,,1999,87.20615603
Other Africa,,2000,84.32209963
Other Africa,,2001,79.00822687
Other Africa,,2002,78.94563489
Other Africa,,2003,81.19070349
Other Africa,,2004,100.2057112
Other Africa,,2005,102.5996587
Other Africa,,2006,132.3976083
Other Africa,,2007,111.2037392
Other Africa,,2008,107.2426423
Other Africa,,2009,105.5087547
Other Africa,,2010,88.64072784
Other Africa,,2011,120.2606687
Other Africa,,2012,118.6765145
Other Africa,,2013,133.1653404
Other Africa,,2014,136.0632692
Other Africa,,2015,147.0114625
Other Africa,,2016,134.7741316
Other Asia Pacific,,1965,19.52454753
Other Asia Pacific,,1966,18.98122612
Other Asia Pacific,,1967,17.30116676
Other Asia Pacific,,1968,19.63330857
Other Asia Pacific,,1969,20.27146113
Other Asia Pacific,,1970,21.8627684
Other Asia Pacific,,1971,23.51423698
Other Asia Pacific,,1972,24.64981405
Other Asia Pacific,,1973,26.07161473
Other Asia Pacific,,1974,26.22200237
Other Asia Pacific,,1975,26.33108624
Other Asia Pacific,,1976,34.22581424
Other Asia Pacific,,1977,39.88085498
Other Asia Pacific,,1978,39.64102193
Other Asia Pacific,,1979,51.12907325
Other Asia Pacific,,1980,42.83319979
Other Asia Pacific,,1981,42.50661936
Other Asia Pacific,,1982,46.66931601
Other Asia Pacific,,1983,49.56381982
Other Asia Pacific,,1984,56.18947775
Other Asia Pacific,,1985,66.38489461
Other Asia Pacific,,1986,67.61833014
Other Asia Pacific,,1987,64.00786061
Other Asia Pacific,,1988,66.30096223
Other Asia Pacific,,1989,71.12745718
Other Asia Pacific,,1990,76.80457728
Other Asia Pacific,,1991,78.52136816
Other Asia Pacific,,1992,109.7602331
Other Asia Pacific,,1993,148.5315318
Other Asia Pacific,,1994,138.847859
Other Asia Pacific,,1995,122.8875306
Other Asia Pacific,,1996,131.1063557
Other Asia Pacific,,1997,121.0276159
Other Asia Pacific,,1998,115.4773133
Other Asia Pacific,,1999,116.2794126
Other Asia Pacific,,2000,105.7062318
Other Asia Pacific,,2001,102.6979538
Other Asia Pacific,,2002,104.0708652
Other Asia Pacific,,2003,102.4292919
Other Asia Pacific,,2004,120.9344881
Other Asia Pacific,,2005,143.7918802
Other Asia Pacific,,2006,152.406737
Other Asia Pacific,,2007,162.008257
Other Asia Pacific,,2008,173.1498578
Other Asia Pacific,,2009,167.464479
Other Asia Pacific,,2010,160.1433833
Other Asia Pacific,,2011,151.6471476
Other Asia Pacific,,2012,146.177179
Other Asia Pacific,,2013,139.4391019
Other Asia Pacific,,2014,150.9766731
Other Asia Pacific,,2015,153.5428615
Other Asia Pacific,,2016,144.4894203
Other Europe & Eurasia,,1965,277.06149
Other Europe & Eurasia,,1966,286.36549
Other Europe & Eurasia,,1967,298.28624
Other Europe & Eurasia,,1968,305.55499
Other Europe & Eurasia,,1969,311.93986
Other Europe & Eurasia,,1970,309.98602
Other Europe & Eurasia,,1971,298.56536
Other Europe & Eurasia,,1972,296.14632
Other Europe & Eurasia,,1973,297.42562
Other Europe & Eurasia,,1974,296.30914
Other Europe & Eurasia,,1975,292.85503
Other Europe & Eurasia,,1976,285.0513
Other Europe & Eurasia,,1977,276.16598
Other Europe & Eurasia,,1978,280.7482
Other Europe & Eurasia,,1979,292.11071
Other Europe & Eurasia,,1980,277.4918
Other Europe & Eurasia,,1981,267.51326
Other Europe & Eurasia,,1982,279.84106
Other Europe & Eurasia,,1983,301.6822
Other Europe & Eurasia,,1984,303.69419
Other Europe & Eurasia,,1985,424.80901
Other Europe & Eurasia,,1986,428.08867
Other Europe & Eurasia,,1987,415.38871
Other Europe & Eurasia,,1988,403.99131
Other Europe & Eurasia,,1989,389.43055
Other Europe & Eurasia,,1990,385.61591
Other Europe & Eurasia,,1991,384.73203
Other Europe & Eurasia,,1992,363.82129
Other Europe & Eurasia,,1993,337.02577
Other Europe & Eurasia,,1994,341.133486
Other Europe & Eurasia,,1995,321.168265
Other Europe & Eurasia,,1996,305.39217
Other Europe & Eurasia,,1997,291.597827
Other Europe & Eurasia,,1998,281.415762
Other Europe & Eurasia,,1999,263.750955
Other Europe & Eurasia,,2000,259.652543
Other Europe & Eurasia,,2001,258.456979
Other Europe & Eurasia,,2002,274.331929
Other Europe & Eurasia,,2003,278.843206
Other Europe & Eurasia,,2004,272.4651396
Other Europe & Eurasia,,2005,256.0401385
Other Europe & Eurasia,,2006,252.3015922
Other Europe & Eurasia,,2007,251.5508291
Other Europe & Eurasia,,2008,239.6102965
Other Europe & Eurasia,,2009,231.1367716
Other Europe & Eurasia,,2010,222.9200486
Other Europe & Eurasia,,2011,223.8278864
Other Europe & Eurasia,,2012,222.7754877
Other Europe & Eurasia,,2013,227.6655189
Other Europe & Eurasia,,2014,223.2835675
Other Europe & Eurasia,,2015,218.0686515
Other Europe & Eurasia,,2016,211.4148245
Other Middle East,,1965,35.42745852
Other Middle East,,1966,38.18745454
Other Middle East,,1967,42.36154415
Other Middle East,,1968,45.38026
Other Middle East,,1969,45.23625137
Other Middle East,,1970,45.57891057
Other Middle East,,1971,44.21556316
Other Middle East,,1972,41.136473
Other Middle East,,1973,39.88171675
Other Middle East,,1974,39.31459855
Other Middle East,,1975,35.78628533
Other Middle East,,1976,34.163125
Other Middle East,,1977,33.94653373
Other Middle East,,1978,32.18005112
Other Middle East,,1979,29.81621231
Other Middle East,,1980,30.89052321
Other Middle East,,1981,29.95589613
Other Middle East,,1982,28.74490172
Other Middle East,,1983,27.58391632
Other Middle East,,1984,27.63821376
Other Middle East,,1985,27.58740532
Other Middle East,,1986,27.78046332
Other Middle East,,1987,28.29567232
Other Middle East,,1988,28.94426276
Other Middle East,,1989,28.78138052
Other Middle East,,1990,28.22240332
Other Middle East,,1991,28.83217625
Other Middle East,,1992,29.05190041
Other Middle East,,1993,28.57441605
Other Middle East,,1994,27.94333285
Other Middle East,,1995,27.98985285
Other Middle East,,1996,27.08406431
Other Middle East,,1997,27.01143368
Other Middle East,,1998,26.42105548
Other Middle East,,1999,25.84695927
Other Middle East,,2000,26.5064967
Other Middle East,,2001,25.85203439
Other Middle East,,2002,26.44008659
Other Middle East,,2003,26.31046188
Other Middle East,,2004,26.49366208
Other Middle East,,2005,105.5935434
Other Middle East,,2006,104.0235236
Other Middle East,,2007,110.9172759
Other Middle East,,2008,110.4277514
Other Middle East,,2009,109.8517928
Other Middle East,,2010,109.8471276
Other Middle East,,2011,115.1037561
Other Middle East,,2012,105.2248712
Other Middle East,,2013,119.5378526
Other Middle East,,2014,122.6606955
Other Middle East,,2015,121.9766654
Other Middle East,,2016,117.5939696
Other South & Central America,,1965,25.6556018
Other South & Central America,,1966,29.37674176
Other South & Central America,,1967,41.76048996
Other South & Central America,,1968,45.36690624
Other South & Central America,,1969,44.86210608
Other South & Central America,,1970,34.37227257
Other South & Central America,,1971,42.42955295
Other South & Central America,,1972,46.4141481
Other South & Central America,,1973,46.46170774
Other South & Central America,,1974,44.26016077
Other South & Central America,,1975,40.22623516
Other South & Central America,,1976,40.27688567
Other South & Central America,,1977,35.0157274
Other South & Central America,,1978,33.91818401
Other South & Central America,,1979,34.36361724
Other South & Central America,,1980,42.28008462
Other South & Central America,,1981,45.90731025
Other South & Central America,,1982,53.05428074
Other South & Central America,,1983,52.8502952
Other South & Central America,,1984,51.17388344
Other South & Central America,,1985,49.41913794
Other South & Central America,,1986,48.51855132
Other South & Central America,,1987,46.45475622
Other South & Central America,,1988,41.62325172
Other South & Central America,,1989,41.04248445
Other South & Central America,,1990,41.60179314
Other South & Central America,,1991,41.5899999
Other South & Central America,,1992,41.41701287
Other South & Central America,,1993,45.56128683
Other South & Central America,,1994,49.62799275
Other South & Central America,,1995,53.85684705
Other South & Central America,,1996,57.71045233
Other South & Central America,,1997,61.42761311
Other South & Central America,,1998,71.70561369
Other South & Central America,,1999,71.98756911
Other South & Central America,,2000,76.09430959
Other South & Central America,,2001,79.96295556
Other South & Central America,,2002,90.88785055
Other South & Central America,,2003,91.05886616
Other South & Central America,,2004,86.44199887
Other South & Central America,,2005,85.2548291
Other South & Central America,,2006,81.5769121
Other South & Central America,,2007,82.40455744
Other South & Central America,,2008,82.14989294
Other South & Central America,,2009,76.38055527
Other South & Central America,,2010,79.70454301
Other South & Central America,,2011,81.03287872
Other South & Central America,,2012,84.42058281
Other South & Central America,,2013,86.79562372
Other South & Central America,,2014,89.77504542
Other South & Central America,,2015,87.25685634
Other South & Central America,,2016,80.97471809
Peru,PER,1965,39.47413997
Peru,PER,1966,39.47413997
Peru,PER,1967,44.33245185
Peru,PER,1968,46.28076899
Peru,PER,1969,44.93974083
Peru,PER,1970,44.93974083
Peru,PER,1971,38.44235599
Peru,PER,1972,40.37453588
Peru,PER,1973,43.90795685
Peru,PER,1974,47.55169075
Peru,PER,1975,44.14930187
Peru,PER,1976,46.70607002
Peru,PER,1977,55.68779257
Peru,PER,1978,92.12513162
Peru,PER,1979,117.02398
Peru,PER,1980,119.171452
Peru,PER,1981,117.631269
Peru,PER,1982,118.8458469
Peru,PER,1983,103.8464163
Peru,PER,1984,112.4729713
Peru,PER,1985,114.594824
Peru,PER,1986,108.5219342
Peru,PER,1987,100.0198884
Peru,PER,1988,86.28800135
Peru,PER,1989,79.37206295
Peru,PER,1990,78.76477397
Peru,PER,1991,70.26272819
Peru,PER,1992,71.06418161
Peru,PER,1993,76.94290702
Peru,PER,1994,77.550196
Peru,PER,1995,74.51375108
Peru,PER,1996,73.49999276
Peru,PER,1997,72.45053911
Peru,PER,1998,69.83858919
Peru,PER,1999,64.4244841
Peru,PER,2000,59.82071182
Peru,PER,2001,58.50567035
Peru,PER,2002,58.52074632
Peru,PER,2003,54.83372772
Peru,PER,2004,54.54265523
Peru,PER,2005,61.89304997
Peru,PER,2006,64.43106855
Peru,PER,2007,63.79315375
Peru,PER,2008,66.30550914
Peru,PER,2009,75.75610362
Peru,PER,2010,80.83966521
Peru,PER,2011,78.34848736
Peru,PER,2012,78.2309446
Peru,PER,2013,82.91079931
Peru,PER,2014,84.88320121
Peru,PER,2015,72.24663536
Peru,PER,2016,64.91944283
Qatar,QAT,1965,134.9699581
Qatar,QAT,1966,168.5676301
Qatar,QAT,1967,187.6835469
Qatar,QAT,1968,197.4914644
Qatar,QAT,1969,206.2201935
Qatar,QAT,1970,210.2750849
Qatar,QAT,1971,249.0861888
Qatar,QAT,1972,279.9731936
Qatar,QAT,1973,330.1840177
Qatar,QAT,1974,300.0619669
Qatar,QAT,1975,253.1410802
Qatar,QAT,1976,282.8774798
Qatar,QAT,1977,251.9825398
Qatar,QAT,1978,280.3667799
Qatar,QAT,1979,293.1107245
Qatar,QAT,1980,275.3166339
Qatar,QAT,1981,240.6985536
Qatar,QAT,1982,196.2691977
Qatar,QAT,1983,178.5045907
Qatar,QAT,1984,199.4200556
Qatar,QAT,1985,178.1462905
Qatar,QAT,1986,200.8679883
Qatar,QAT,1987,177.6041401
Qatar,QAT,1988,205.2370444
Qatar,QAT,1989,228.9963685
Qatar,QAT,1990,245.6507038
Qatar,QAT,1991,237.2872907
Qatar,QAT,1992,274.475236
Qatar,QAT,1993,253.6878205
Qatar,QAT,1994,248.2811383
Qatar,QAT,1995,253.8971605
Qatar,QAT,1996,315.2198671
Qatar,QAT,1997,386.9645231
Qatar,QAT,1998,390.2061311
Qatar,QAT,1999,398.6554145
Qatar,QAT,2000,467.8606148
Qatar,QAT,2001,465.7838005
Qatar,QAT,2002,434.6354167
Qatar,QAT,2003,509.8177577
Qatar,QAT,2004,581.3701612
Qatar,QAT,2005,612.200379
Qatar,QAT,2006,660.263628
Qatar,QAT,2007,669.5083842
Qatar,QAT,2008,751.9079908
Qatar,QAT,2009,727.5307781
Qatar,QAT,2010,827.1536547
Qatar,QAT,2011,907.2878485
Qatar,QAT,2012,956.0535554
Qatar,QAT,2013,933.7279046
Qatar,QAT,2014,923.8451948
Qatar,QAT,2015,920.110162
Qatar,QAT,2016,923.921721
Republic of Congo,,1965,0.82573
Republic of Congo,,1966,0.72106
Republic of Congo,,1967,0.5815
Republic of Congo,,1968,0.50009
Republic of Congo,,1969,0.27912
Republic of Congo,,1970,0.22097
Republic of Congo,,1971,0.16282
Republic of Congo,,1972,3.90768
Republic of Congo,,1973,24.31833
Republic of Congo,,1974,28.55165
Republic of Congo,,1975,20.80607
Republic of Congo,,1976,24.423
Republic of Congo,,1977,19.06157
Republic of Congo,,1978,28.2609
Republic of Congo,,1979,32.12206
Republic of Congo,,1980,36.84384
Republic of Congo,,1981,47.69463
Republic of Congo,,1982,52.95139
Republic of Congo,,1983,62.39495
Republic of Congo,,1984,70.07075
Republic of Congo,,1985,69.04731
Republic of Congo,,1986,69.21013
Republic of Congo,,1987,73.46671
Republic of Congo,,1988,81.85194
Republic of Congo,,1989,92.59806
Republic of Congo,,1990,93.37727
Republic of Congo,,1991,93.66802
Republic of Congo,,1992,100.45994
Republic of Congo,,1993,110.92694
Republic of Congo,,1994,111.20606
Republic of Congo,,1995,107.77521
Republic of Congo,,1996,120.47517
Republic of Congo,,1997,134.74518
Republic of Congo,,1998,158.15637
Republic of Congo,,1999,159.644895
Republic of Congo,,2000,157.2127563
Republic of Congo,,2001,145.8896609
Republic of Congo,,2002,140.1275941
Republic of Congo,,2003,128.0038912
Republic of Congo,,2004,133.398547
Republic of Congo,,2005,146.158007
Republic of Congo,,2006,165.1391091
Republic of Congo,,2007,133.5597579
Republic of Congo,,2008,141.8599613
Republic of Congo,,2009,163.8984271
Republic of Congo,,2010,186.5655008
Republic of Congo,,2011,178.1521782
Republic of Congo,,2012,166.238667
Republic of Congo,,2013,146.5468839
Republic of Congo,,2014,155.6588555
Republic of Congo,,2015,150.3697558
Republic of Congo,,2016,138.9739267
Romania,ROU,1965,149.10823
Romania,ROU,1966,152.06225
Romania,ROU,1967,156.49328
Romania,ROU,1968,157.41205
Romania,ROU,1969,157.53998
Romania,ROU,1970,159.06351
Romania,ROU,1971,163.90159
Romania,ROU,1972,167.79764
Romania,ROU,1973,170.22831
Romania,ROU,1974,172.54268
Romania,ROU,1975,174.2174
Romania,ROU,1976,175.4967
Romania,ROU,1977,174.9152
Romania,ROU,1978,164.14582
Romania,ROU,1979,147.85219
Romania,ROU,1980,139.57163
Romania,ROU,1981,141.11842
Romania,ROU,1982,142.25816
Romania,ROU,1983,140.52529
Romania,ROU,1984,138.89709
Romania,ROU,1985,130.81424
Romania,ROU,1986,123.91765
Romania,ROU,1987,116.69542
Romania,ROU,1988,114.42757
Romania,ROU,1989,111.91549
Romania,ROU,1990,94.62168
Romania,ROU,1991,81.50304
Romania,ROU,1992,79.39801
Romania,ROU,1993,80.58427
Romania,ROU,1994,81.10762
Romania,ROU,1995,80.84013
Romania,ROU,1996,79.68876
Romania,ROU,1997,78.5025
Romania,ROU,1998,76.21139
Romania,ROU,1999,74.18777
Romania,ROU,2000,73.11781
Romania,ROU,2001,72.54794
Romania,ROU,2002,70.61736
Romania,ROU,2003,68.5007
Romania,ROU,2004,66.34915
Romania,ROU,2005,63.23231
Romania,ROU,2006,58.10348
Romania,ROU,2007,55.18435
Romania,ROU,2008,54.88197
Romania,ROU,2009,52.31174
Romania,ROU,2010,49.85781
Romania,ROU,2011,49.10186
Romania,ROU,2012,46.31066
Romania,ROU,2013,48.04353
Romania,ROU,2014,47.12476
Romania,ROU,2015,46.55489
Romania,ROU,2016,44.21726
Russia,RUS,1985,6307.01878
Russia,RUS,1986,6526.54666
Russia,RUS,1987,6623.06403
Russia,RUS,1988,6614.89977
Russia,RUS,1989,6422.38838
Russia,RUS,1990,5999.81233
Russia,RUS,1991,5372.40872
Russia,RUS,1992,4638.1603
Russia,RUS,1993,4127.19625
Russia,RUS,1994,3693.43214
Russia,RUS,1995,3614.01087
Russia,RUS,1996,3522.41299
Russia,RUS,1997,3575.2946
Russia,RUS,1998,3539.4742
Russia,RUS,1999,3544.45184
Russia,RUS,2000,3799.11669
Russia,RUS,2001,4090.218098
Russia,RUS,2002,4462.601241
Russia,RUS,2003,4951.275384
Russia,RUS,2004,5388.225011
Russia,RUS,2005,5522.262684
Russia,RUS,2006,5648.060703
Russia,RUS,2007,5777.663886
Russia,RUS,2008,5741.666584
Russia,RUS,2009,5824.769265
Russia,RUS,2010,5952.379394
Russia,RUS,2011,6034.179817
Russia,RUS,2012,6119.37757
Russia,RUS,2013,6177.074043
Russia,RUS,2014,6211.918365
Russia,RUS,2015,6288.778166
Russia,RUS,2016,6446.880666
Saudi Arabia,SAU,1965,1291.036236
Saudi Arabia,SAU,1966,1521.534688
Saudi Arabia,SAU,1967,1643.168832
Saudi Arabia,SAU,1968,1793.66902
Saudi Arabia,SAU,1969,1892.676264
Saudi Arabia,SAU,1970,2234.896203
Saudi Arabia,SAU,1971,2800.500805
Saudi Arabia,SAU,1972,3538.048247
Saudi Arabia,SAU,1973,4465.973118
Saudi Arabia,SAU,1974,4996.970881
Saudi Arabia,SAU,1975,4178.855895
Saudi Arabia,SAU,1976,5085.239067
Saudi Arabia,SAU,1977,5447.501186
Saudi Arabia,SAU,1978,4936.182964
Saudi Arabia,SAU,1979,5675.20077
Saudi Arabia,SAU,1980,5929.304848
Saudi Arabia,SAU,1981,5888.818549
Saudi Arabia,SAU,1982,3956.342681
Saudi Arabia,SAU,1983,2794.211252
Saudi Arabia,SAU,1984,2547.35132
Saudi Arabia,SAU,1985,2001.228333
Saudi Arabia,SAU,1986,2937.622772
Saudi Arabia,SAU,1987,2571.05663
Saudi Arabia,SAU,1988,3215.913336
Saudi Arabia,SAU,1989,3153.450679
Saudi Arabia,SAU,1990,3984.654323
Saudi Arabia,SAU,1991,4981.778369
Saudi Arabia,SAU,1992,5145.048655
Saudi Arabia,SAU,1993,5033.291274
Saudi Arabia,SAU,1994,5085.214228
Saudi Arabia,SAU,1995,5084.74253
Saudi Arabia,SAU,1996,5179.584461
Saudi Arabia,SAU,1997,5270.657971
Saudi Arabia,SAU,1998,5284.784125
Saudi Arabia,SAU,1999,4912.266674
Saudi Arabia,SAU,2000,5303.711726
Saudi Arabia,SAU,2001,5121.696212
Saudi Arabia,SAU,2002,4945.010552
Saudi Arabia,SAU,2003,5654.566168
Saudi Arabia,SAU,2004,5819.990271
Saudi Arabia,SAU,2005,6062.438824
Saudi Arabia,SAU,2006,5919.060786
Saudi Arabia,SAU,2007,5685.777415
Saudi Arabia,SAU,2008,5929.794787
Saudi Arabia,SAU,2009,5311.687471
Saudi Arabia,SAU,2010,5510.487092
Saudi Arabia,SAU,2011,6116.795557
Saudi Arabia,SAU,2012,6394.567182
Saudi Arabia,SAU,2013,6261.890951
Saudi Arabia,SAU,2014,6320.214073
Saudi Arabia,SAU,2015,6602.939403
Saudi Arabia,SAU,2016,6811.686789
South & Central America,,1965,2631.581072
South & Central America,,1966,2603.813154
South & Central America,,1967,2771.249479
South & Central America,,1968,2845.339905
South & Central America,,1969,2851.017423
South & Central America,,1970,2927.95429
South & Central America,,1971,2859.631126
South & Central America,,1972,2724.823652
South & Central America,,1973,2899.742588
South & Central America,,1974,2640.765528
South & Central America,,1975,2230.057167
South & Central America,,1976,2213.741056
South & Central America,,1977,2195.01195
South & Central America,,1978,2199.117219
South & Central America,,1979,2354.753209
South & Central America,,1980,2264.743144
South & Central America,,1981,2243.920949
South & Central America,,1982,2149.151137
South & Central America,,1983,2130.459145
South & Central America,,1984,2246.664463
South & Central America,,1985,2240.125845
South & Central America,,1986,2401.825981
South & Central America,,1987,2367.991826
South & Central America,,1988,2488.5593
South & Central America,,1989,2516.283323
South & Central America,,1990,2721.212943
South & Central America,,1991,2868.913607
South & Central America,,1992,2933.27547
South & Central America,,1993,3045.840713
South & Central America,,1994,3229.091585
South & Central America,,1995,3489.864463
South & Central America,,1996,3730.585702
South & Central America,,1997,3888.742572
South & Central America,,1998,4115.762695
South & Central America,,1999,3985.106092
South & Central America,,2000,4012.9912
South & Central America,,2001,4063.283528
South & Central America,,2002,4029.692746
South & Central America,,2003,3997.423884
South & Central America,,2004,4280.953027
South & Central America,,2005,4359.366675
South & Central America,,2006,4445.202455
South & Central America,,2007,4353.36781
South & Central America,,2008,4425.629062
South & Central America,,2009,4388.575534
South & Central America,,2010,4400.375707
South & Central America,,2011,4431.951805
South & Central America,,2012,4406.245161
South & Central America,,2013,4410.287112
South & Central America,,2014,4569.483001
South & Central America,,2015,4635.377209
South & Central America,,2016,4471.520458
South Sudan,SSD,2012,17.83110658
South Sudan,SSD,2013,57.1314129
South Sudan,SSD,2014,88.99592097
South Sudan,SSD,2015,84.63410595
South Sudan,SSD,2016,67.91973677
Sudan,SDN,1993,1.145735493
Sudan,SDN,1994,1.145735493
Sudan,SDN,1995,1.145735493
Sudan,SDN,1996,2.872186235
Sudan,SDN,1997,5.155809717
Sudan,SDN,1998,6.874412955
Sudan,SDN,1999,36.09066802
Sudan,SDN,2000,102.900038
Sudan,SDN,2001,119.734011
Sudan,SDN,2002,135.3024767
Sudan,SDN,2003,150.1660028
Sudan,SDN,2004,167.2400903
Sudan,SDN,2005,168.2400371
Sudan,SDN,2006,204.033064
Sudan,SDN,2007,276.7613795
Sudan,SDN,2008,262.4899381
Sudan,SDN,2009,272.2338927
Sudan,SDN,2010,264.7055128
Sudan,SDN,2011,166.7058153
Sudan,SDN,2012,59.22878844
Sudan,SDN,2013,67.51441165
Sudan,SDN,2014,68.51756036
Sudan,SDN,2015,62.47819161
Sudan,SDN,2016,59.51950077
Syria,SYR,1968,12.19484038
Syria,SYR,1969,30.69336289
Syria,SYR,1970,49.22520464
Syria,SYR,1971,61.38672578
Syria,SYR,1972,67.94268213
Syria,SYR,1973,64.28232606
Syria,SYR,1974,74.70648704
Syria,SYR,1975,111.1910505
Syria,SYR,1976,116.7220437
Syria,SYR,1977,105.97897
Syria,SYR,1978,103.6624898
Syria,SYR,1979,96.71304911
Syria,SYR,1980,91.75165621
Syria,SYR,1981,94.97568895
Syria,SYR,1982,89.76360846
Syria,SYR,1983,93.23832879
Syria,SYR,1984,94.07448295
Syria,SYR,1985,92.25453868
Syria,SYR,1986,116.0566109
Syria,SYR,1987,133.5465126
Syria,SYR,1988,155.5138849
Syria,SYR,1989,196.9613485
Syria,SYR,1990,235.2181621
Syria,SYR,1991,272.9540056
Syria,SYR,1992,298.136716
Syria,SYR,1993,327.1285607
Syria,SYR,1994,325.4726105
Syria,SYR,1995,344.3882423
Syria,SYR,1996,339.5188739
Syria,SYR,1997,333.3965912
Syria,SYR,1998,332.8291012
Syria,SYR,1999,334.3803813
Syria,SYR,2000,326.7596467
Syria,SYR,2001,347.7526064
Syria,SYR,2002,380.7659442
Syria,SYR,2003,366.9274711
Syria,SYR,2004,273.1849495
Syria,SYR,2005,251.9846213
Syria,SYR,2006,236.3483799
Syria,SYR,2007,226.5033389
Syria,SYR,2008,228.2853094
Syria,SYR,2009,224.7659788
Syria,SYR,2010,215.5000579
Syria,SYR,2011,197.1172423
Syria,SYR,2012,93.95683978
Syria,SYR,2013,31.24377916
Syria,SYR,2014,16.97920091
Syria,SYR,2015,13.93083276
Syria,SYR,2016,12.80758606
Thailand,THA,1981,0.778762175
Thailand,THA,1982,2.806904953
Thailand,THA,1983,6.803389522
Thailand,THA,1984,12.35102853
Thailand,THA,1985,23.37790186
Thailand,THA,1986,22.96556202
Thailand,THA,1987,21.10424258
Thailand,THA,1988,24.18048952
Thailand,THA,1989,23.81942594
Thailand,THA,1990,28.37123896
Thailand,THA,1991,32.8361217
Thailand,THA,1992,38.40684311
Thailand,THA,1993,39.46891598
Thailand,THA,1994,39.73379357
Thailand,THA,1995,38.61903604
Thailand,THA,1996,43.91879432
Thailand,THA,1997,49.89237776
Thailand,THA,1998,51.89111685
Thailand,THA,1999,56.51298095
Thailand,THA,2000,79.02348434
Thailand,THA,2001,85.94387462
Thailand,THA,2002,94.49579003
Thailand,THA,2003,111.5271449
Thailand,THA,2004,109.1168918
Thailand,THA,2005,133.6522681
Thailand,THA,2006,146.0151842
Thailand,THA,2007,153.7272177
Thailand,THA,2008,162.5645251
Thailand,THA,2009,168.7529358
Thailand,THA,2010,173.1691678
Thailand,THA,2011,178.5455767
Thailand,THA,2012,193.6146996
Thailand,THA,2013,191.4934702
Thailand,THA,2014,188.9084813
Thailand,THA,2015,197.5830538
Thailand,THA,2016,204.5348478
Trinidad and Tobago,TTO,1965,77.58907736
Trinidad and Tobago,TTO,1966,87.95666216
Trinidad and Tobago,TTO,1967,102.9320624
Trinidad and Tobago,TTO,1968,110.3129959
Trinidad and Tobago,TTO,1969,90.42837856
Trinidad and Tobago,TTO,1970,80.63677069
Trinidad and Tobago,TTO,1971,74.30102442
Trinidad and Tobago,TTO,1972,81.4352483
Trinidad and Tobago,TTO,1973,95.61217096
Trinidad and Tobago,TTO,1974,107.7076866
Trinidad and Tobago,TTO,1975,124.4110176
Trinidad and Tobago,TTO,1976,122.4416499
Trinidad and Tobago,TTO,1977,131.8987178
Trinidad and Tobago,TTO,1978,132.4746947
Trinidad and Tobago,TTO,1979,123.2590638
Trinidad and Tobago,TTO,1980,122.4416499
Trinidad and Tobago,TTO,1981,108.8596404
Trinidad and Tobago,TTO,1982,101.9479172
Trinidad and Tobago,TTO,1983,92.15630936
Trinidad and Tobago,TTO,1984,98.18434193
Trinidad and Tobago,TTO,1985,100.4330979
Trinidad and Tobago,TTO,1986,96.50557518
Trinidad and Tobago,TTO,1987,88.54621394
Trinidad and Tobago,TTO,1988,86.58318811
Trinidad and Tobago,TTO,1989,85.4032998
Trinidad and Tobago,TTO,1990,85.77064509
Trinidad and Tobago,TTO,1991,84.25130902
Trinidad and Tobago,TTO,1992,80.81668448
Trinidad and Tobago,TTO,1993,75.04473618
Trinidad and Tobago,TTO,1994,78.65931142
Trinidad and Tobago,TTO,1995,78.33726894
Trinidad and Tobago,TTO,1996,77.63779981
Trinidad and Tobago,TTO,1997,74.86783249
Trinidad and Tobago,TTO,1998,74.39617138
Trinidad and Tobago,TTO,1999,77.27601913
Trinidad and Tobago,TTO,2000,78.35752901
Trinidad and Tobago,TTO,2001,75.65970916
Trinidad and Tobago,TTO,2002,87.16397715
Trinidad and Tobago,TTO,2003,93.60338078
Trinidad and Tobago,TTO,2004,87.95529297
Trinidad and Tobago,TTO,2005,93.72737215
Trinidad and Tobago,TTO,2006,96.37586636
Trinidad and Tobago,TTO,2007,83.12166996
Trinidad and Tobago,TTO,2008,81.35816341
Trinidad and Tobago,TTO,2009,79.18183614
Trinidad and Tobago,TTO,2010,72.29538973
Trinidad and Tobago,TTO,2011,68.66232141
Trinidad and Tobago,TTO,2012,60.10348792
Trinidad and Tobago,TTO,2013,59.13614937
Trinidad and Tobago,TTO,2014,58.74730735
Trinidad and Tobago,TTO,2015,55.97959097
Trinidad and Tobago,TTO,2016,50.24408107
Tunisia,TUN,1966,8.96673
Tunisia,TUN,1967,26.06283
Tunisia,TUN,1968,37.11133
Tunisia,TUN,1969,43.11241
Tunisia,TUN,1970,48.27613
Tunisia,TUN,1971,47.78767
Tunisia,TUN,1972,46.25251
Tunisia,TUN,1973,45.10114
Tunisia,TUN,1974,48.13657
Tunisia,TUN,1975,53.60267
Tunisia,TUN,1976,43.1473
Tunisia,TUN,1977,50.05552
Tunisia,TUN,1978,57.49872
Tunisia,TUN,1979,64.38368
Tunisia,TUN,1980,65.44201
Tunisia,TUN,1981,62.88341
Tunisia,TUN,1982,59.84798
Tunisia,TUN,1983,64.33716
Tunisia,TUN,1984,63.7324
Tunisia,TUN,1985,62.89504
Tunisia,TUN,1986,61.0575
Tunisia,TUN,1987,58.23141
Tunisia,TUN,1988,57.40568
Tunisia,TUN,1989,57.6848
Tunisia,TUN,1990,54.944772
Tunisia,TUN,1991,63.317209
Tunisia,TUN,1992,63.431183
Tunisia,TUN,1993,58.326776
Tunisia,TUN,1994,53.882953
Tunisia,TUN,1995,52.517591
Tunisia,TUN,1996,52.091933
Tunisia,TUN,1997,49.10186
Tunisia,TUN,1998,48.222632
Tunisia,TUN,1999,49.574038
Tunisia,TUN,2000,45.715204
Tunisia,TUN,2001,42.026168
Tunisia,TUN,2002,43.839285
Tunisia,TUN,2003,40.06535
Tunisia,TUN,2004,41.488862
Tunisia,TUN,2005,43.2636
Tunisia,TUN,2006,41.677268
Tunisia,TUN,2007,57.716201
Tunisia,TUN,2008,52.988606
Tunisia,TUN,2009,50.314869
Tunisia,TUN,2010,46.201338
Tunisia,TUN,2011,42.508813
Tunisia,TUN,2012,45.248841
Tunisia,TUN,2013,41.836599
Tunisia,TUN,2014,38.996553
Tunisia,TUN,2015,34.992344
Tunisia,TUN,2016,33.77156939
Turkmenistan,TKM,1985,78.8514
Turkmenistan,TKM,1986,76.2928
Turkmenistan,TKM,1987,75.2461
Turkmenistan,TKM,1988,66.5236
Turkmenistan,TKM,1989,66.8725
Turkmenistan,TKM,1990,66.291
Turkmenistan,TKM,1991,62.802
Turkmenistan,TKM,1992,60.476
Turkmenistan,TKM,1993,50.96266
Turkmenistan,TKM,1994,48.75296
Turkmenistan,TKM,1995,47.3341
Turkmenistan,TKM,1996,50.64865
Turkmenistan,TKM,1997,62.42984
Turkmenistan,TKM,1998,74.07147
Turkmenistan,TKM,1999,82.14269
Turkmenistan,TKM,2000,82.12779157
Turkmenistan,TKM,2001,91.99986694
Turkmenistan,TKM,2002,103.4088969
Turkmenistan,TKM,2003,115.2085847
Turkmenistan,TKM,2004,111.3296989
Turkmenistan,TKM,2005,110.4164231
Turkmenistan,TKM,2006,106.9274231
Turkmenistan,TKM,2007,114.1396272
Turkmenistan,TKM,2008,120.9131197
Turkmenistan,TKM,2009,122.0654221
Turkmenistan,TKM,2010,125.5544221
Turkmenistan,TKM,2011,125.5544221
Turkmenistan,TKM,2012,130.2393571
Turkmenistan,TKM,2013,135.8786844
Turkmenistan,TKM,2014,140.9725297
Turkmenistan,TKM,2015,147.977133
Turkmenistan,TKM,2016,147.7260442
USSR,OWID_USS,1965,2824.78744
USSR,OWID_USS,1966,3083.113
USSR,OWID_USS,1967,3350.603
USSR,OWID_USS,1968,3595.996
USSR,OWID_USS,1969,3818.129
USSR,OWID_USS,1970,4105.84357
USSR,OWID_USS,1971,4384.51
USSR,OWID_USS,1972,4656.652
USSR,OWID_USS,1973,4989.27
USSR,OWID_USS,1974,5337.007
USSR,OWID_USS,1975,5708.01563
USSR,OWID_USS,1976,6043.84351
USSR,OWID_USS,1977,6347.64237
USSR,OWID_USS,1978,6646.90553
USSR,OWID_USS,1979,6810.528
USSR,OWID_USS,1980,7014.9834
USSR,OWID_USS,1981,7080.5766
USSR,OWID_USS,1982,7123.96813
USSR,OWID_USS,1983,7168.06909
USSR,OWID_USS,1984,7125.8173
United Arab Emirates,ARE,1965,158.8265756
United Arab Emirates,ARE,1966,202.7573305
United Arab Emirates,ARE,1967,215.1480563
United Arab Emirates,ARE,1968,281.2494149
United Arab Emirates,ARE,1969,337.3656694
United Arab Emirates,ARE,1970,429.1696829
United Arab Emirates,ARE,1971,622.9155765
United Arab Emirates,ARE,1972,734.1852196
United Arab Emirates,ARE,1973,820.0407589
United Arab Emirates,ARE,1974,918.6033501
United Arab Emirates,ARE,1975,955.2123126
United Arab Emirates,ARE,1976,1093.935977
United Arab Emirates,ARE,1977,1125.303184
United Arab Emirates,ARE,1978,1030.119882
United Arab Emirates,ARE,1979,1031.246312
United Arab Emirates,ARE,1980,980.3719142
United Arab Emirates,ARE,1981,861.4590343
United Arab Emirates,ARE,1982,756.9001008
United Arab Emirates,ARE,1983,707.5996884
United Arab Emirates,ARE,1984,697.0659118
United Arab Emirates,ARE,1985,678.3312561
United Arab Emirates,ARE,1986,853.7311856
United Arab Emirates,ARE,1987,867.3276784
United Arab Emirates,ARE,1988,880.5485728
United Arab Emirates,ARE,1989,1104.906252
United Arab Emirates,ARE,1990,1251.399073
United Arab Emirates,ARE,1991,1448.027381
United Arab Emirates,ARE,1992,1377.275159
United Arab Emirates,ARE,1993,1332.675789
United Arab Emirates,ARE,1994,1352.005376
United Arab Emirates,ARE,1995,1306.384976
United Arab Emirates,ARE,1996,1369.764803
United Arab Emirates,ARE,1997,1419.650994
United Arab Emirates,ARE,1998,1456.611153
United Arab Emirates,ARE,1999,1398.19186
United Arab Emirates,ARE,2000,1447.795908
United Arab Emirates,ARE,2001,1388.656874
United Arab Emirates,ARE,2002,1308.721215
United Arab Emirates,ARE,2003,1467.524069
United Arab Emirates,ARE,2004,1535.113778
United Arab Emirates,ARE,2005,1578.448511
United Arab Emirates,ARE,2006,1678.156983
United Arab Emirates,ARE,2007,1623.14997
United Arab Emirates,ARE,2008,1644.441655
United Arab Emirates,ARE,2009,1468.033802
United Arab Emirates,ARE,2010,1550.761358
United Arab Emirates,ARE,2011,1759.3858
United Arab Emirates,ARE,2012,1799.780825
United Arab Emirates,ARE,2013,1920.144646
United Arab Emirates,ARE,2014,1932.872983
United Arab Emirates,ARE,2015,2048.919109
United Arab Emirates,ARE,2016,2120.910003
United Kingdom,GBR,1965,0.97692
United Kingdom,GBR,1966,0.90714
United Kingdom,GBR,1967,1.03507
United Kingdom,GBR,1968,0.97692
United Kingdom,GBR,1969,0.98855
United Kingdom,GBR,1970,1.81428
United Kingdom,GBR,1971,2.46556
United Kingdom,GBR,1972,3.87279
United Kingdom,GBR,1973,4.32636
United Kingdom,GBR,1974,4.7683
United Kingdom,GBR,1975,18.23584
United Kingdom,GBR,1976,141.52547
United Kingdom,GBR,1977,445.02195
United Kingdom,GBR,1978,628.08978
United Kingdom,GBR,1979,905.44202
United Kingdom,GBR,1980,935.83121
United Kingdom,GBR,1981,1040.6524
United Kingdom,GBR,1982,1200.43697
United Kingdom,GBR,1983,1336.9848
United Kingdom,GBR,1984,1466.13595
United Kingdom,GBR,1985,1484.11593
United Kingdom,GBR,1986,1477.80084
United Kingdom,GBR,1987,1434.57213
United Kingdom,GBR,1988,1331.15817
United Kingdom,GBR,1989,1066.5873
United Kingdom,GBR,1990,1065.35452
United Kingdom,GBR,1991,1061.3538
United Kingdom,GBR,1992,1096.13913
United Kingdom,GBR,1993,1165.19807
United Kingdom,GBR,1994,1471.68346
United Kingdom,GBR,1995,1510.66722
United Kingdom,GBR,1996,1508.88783
United Kingdom,GBR,1997,1487.27929
United Kingdom,GBR,1998,1542.249793
United Kingdom,GBR,1999,1593.78915
United Kingdom,GBR,2000,1468.78129
United Kingdom,GBR,2001,1358.517168
United Kingdom,GBR,2002,1350.509832
United Kingdom,GBR,2003,1236.185434
United Kingdom,GBR,2004,1111.922331
United Kingdom,GBR,2005,989.5344495
United Kingdom,GBR,2006,894.7188475
United Kingdom,GBR,2007,893.8051303
United Kingdom,GBR,2008,837.2297363
United Kingdom,GBR,2009,794.895851
United Kingdom,GBR,2010,734.6518597
United Kingdom,GBR,2011,606.0288555
United Kingdom,GBR,2012,519.5601292
United Kingdom,GBR,2013,473.7389657
United Kingdom,GBR,2014,465.4626535
United Kingdom,GBR,2015,528.1378501
United Kingdom,GBR,2016,552.9235849
United States,USA,1965,4974.086359
United States,USA,1966,5286.286952
United States,USA,1967,5631.497561
United States,USA,1968,5848.498261
United States,USA,1969,5947.020545
United States,USA,1970,6204.486944
United States,USA,1971,6116.075693
United States,USA,1972,6139.336155
United States,USA,1973,5985.406093
United States,USA,1974,5715.055304
United States,USA,1975,5463.429772
United States,USA,1976,5326.305473
United States,USA,1977,5382.40793
United States,USA,1978,5631.311818
United States,USA,1979,5547.409155
United States,USA,1980,5584.649189
United States,USA,1981,5568.405624
United States,USA,1982,5590.811385
United States,USA,1983,5616.855603
United States,USA,1984,5770.068448
United States,USA,1985,5799.940718
United States,USA,1986,5609.491871
United States,USA,1987,5434.237166
United States,USA,1988,5338.89062
United States,USA,1989,4989.654833
United States,USA,1990,4845.258628
United States,USA,1991,4918.288711
United States,USA,1992,4803.560602
United States,USA,1993,4617.185539
United States,USA,1994,4506.617591
United States,USA,1995,4460.730168
United States,USA,1996,4443.33399
United States,USA,1997,4418.819245
United States,USA,1998,4281.346563
United States,USA,1999,4101.039968
United States,USA,2000,4042.242573
United States,USA,2001,4006.91518
United States,USA,2002,3976.902875
United States,USA,2003,3867.530046
United States,USA,2004,3784.075302
United States,USA,2005,3593.145437
United States,USA,2006,3541.41145
United States,USA,2007,3548.54209
United States,USA,2008,3515.24012
United States,USA,2009,3749.553005
United States,USA,2010,3869.167649
United States,USA,2011,4011.532327
United States,USA,2012,4572.658878
United States,USA,2013,5197.639796
United States,USA,2014,6079.559048
United States,USA,2015,6572.570349
United States,USA,2016,6315.613561
Uzbekistan,UZB,1985,26.8653
Uzbekistan,UZB,1986,29.4239
Uzbekistan,UZB,1987,31.0521
Uzbekistan,UZB,1988,28.3772
Uzbekistan,UZB,1989,31.401
Uzbekistan,UZB,1990,32.564
Uzbekistan,UZB,1991,32.564
Uzbekistan,UZB,1992,38.379
Uzbekistan,UZB,1993,46.53163
Uzbekistan,UZB,1994,64.16271
Uzbekistan,UZB,1995,88.23681
Uzbekistan,UZB,1996,88.65549
Uzbekistan,UZB,1997,91.77233
Uzbekistan,UZB,1998,95.08688
Uzbekistan,UZB,1999,94.203
Uzbekistan,UZB,2000,87.225
Uzbekistan,UZB,2001,83.45688
Uzbekistan,UZB,2002,83.71274
Uzbekistan,UZB,2003,82.96842
Uzbekistan,UZB,2004,76.50214
Uzbekistan,UZB,2005,63.37187
Uzbekistan,UZB,2006,62.94156
Uzbekistan,UZB,2007,57.31264
Uzbekistan,UZB,2008,55.60303
Uzbekistan,UZB,2009,51.81165
Uzbekistan,UZB,2010,42.44145204
Uzbekistan,UZB,2011,41.69355
Uzbekistan,UZB,2012,36.80895
Uzbekistan,UZB,2013,33.25341003
Uzbekistan,UZB,2014,32.08110603
Uzbekistan,UZB,2015,30.98596708
Uzbekistan,UZB,2016,30.04805645
Venezuela,VEN,1965,2141.245376
Venezuela,VEN,1966,2079.280116
Venezuela,VEN,1967,2185.568244
Venezuela,VEN,1968,2230.196526
Venezuela,VEN,1969,2219.068324
Venezuela,VEN,1970,2293.878665
Venezuela,VEN,1971,2208.264347
Venezuela,VEN,1972,2021.437603
Venezuela,VEN,1973,2110.083679
Venezuela,VEN,1974,1868.362007
Venezuela,VEN,1975,1478.147373
Venezuela,VEN,1976,1451.571475
Venezuela,VEN,1977,1412.927739
Venezuela,VEN,1978,1360.42022
Venezuela,VEN,1979,1481.292551
Venezuela,VEN,1980,1364.737819
Venezuela,VEN,1981,1321.34659
Venezuela,VEN,1982,1193.180134
Venezuela,VEN,1983,1131.2376
Venezuela,VEN,1984,1135.137903
Venezuela,VEN,1985,1064.191988
Venezuela,VEN,1986,1150.729618
Venezuela,VEN,1987,1165.94821
Venezuela,VEN,1988,1223.418796
Venezuela,VEN,1989,1228.822281
Venezuela,VEN,1990,1369.979714
Venezuela,VEN,1991,1527.314574
Venezuela,VEN,1992,1530.391239
Venezuela,VEN,1993,1583.277479
Venezuela,VEN,1994,1680.295034
Venezuela,VEN,1995,1806.430839
Venezuela,VEN,1996,1921.021539
Venezuela,VEN,1997,1994.768046
Venezuela,VEN,1998,2067.433478
Venezuela,VEN,1999,1849.904971
Venezuela,VEN,2000,1864.142465
Venezuela,VEN,2001,1896.068302
Venezuela,VEN,2002,1775.873806
Venezuela,VEN,2003,1715.150978
Venezuela,VEN,2004,1978.957897
Venezuela,VEN,2005,1970.2279
Venezuela,VEN,2006,1990.633887
Venezuela,VEN,2007,1925.192777
Venezuela,VEN,2008,1925.613929
Venezuela,VEN,2009,1814.654423
Venezuela,VEN,2010,1696.061689
Venezuela,VEN,2011,1645.72388
Venezuela,VEN,2012,1620.349717
Venezuela,VEN,2013,1602.398202
Venezuela,VEN,2014,1610.874419
Venezuela,VEN,2015,1581.068175
Venezuela,VEN,2016,1442.805308
Vietnam,VNM,1987,3.2564
Vietnam,VNM,1988,8.0247
Vietnam,VNM,1989,17.3287
Vietnam,VNM,1990,31.401
Vietnam,VNM,1991,46.0548
Vietnam,VNM,1992,63.8487
Vietnam,VNM,1993,73.269
Vietnam,VNM,1994,82.573
Vietnam,VNM,1995,88.99276
Vietnam,VNM,1996,102.9255
Vietnam,VNM,1997,117.463
Vietnam,VNM,1998,140.723
Vietnam,VNM,1999,169.798
Vietnam,VNM,2000,191.708519
Vietnam,VNM,2001,198.6123276
Vietnam,VNM,2002,200.8731595
Vietnam,VNM,2003,204.4614155
Vietnam,VNM,2004,240.5464983
Vietnam,VNM,2005,220.4159699
Vietnam,VNM,2006,200.4019334
Vietnam,VNM,2007,189.1308874
Vietnam,VNM,2008,176.24102
Vietnam,VNM,2009,193.824417
Vietnam,VNM,2010,180.994201
Vietnam,VNM,2011,183.394633
Vietnam,VNM,2012,201.260639
Vietnam,VNM,2013,202.2457
Vietnam,VNM,2014,209.922663
Vietnam,VNM,2015,202.794636
Vietnam,VNM,2016,186.000916
World,OWID_WRL,1965,18234.61161
World,OWID_WRL,1966,19798.03462
World,OWID_WRL,1967,21243.31689
World,OWID_WRL,1968,23176.25143
World,OWID_WRL,1969,24927.83195
World,OWID_WRL,1970,27423.23063
World,OWID_WRL,1971,29030.50836
World,OWID_WRL,1972,30710.50984
World,OWID_WRL,1973,33393.66337
World,OWID_WRL,1974,33487.96812
World,OWID_WRL,1975,31844.44185
World,OWID_WRL,1976,34574.13967
World,OWID_WRL,1977,35785.89928
World,OWID_WRL,1978,36132.5221
World,OWID_WRL,1979,37648.94736
World,OWID_WRL,1980,35958.41045
World,OWID_WRL,1981,33888.11588
World,OWID_WRL,1982,32560.08085
World,OWID_WRL,1983,32133.64743
World,OWID_WRL,1984,32779.44942
World,OWID_WRL,1985,32525.28893
World,OWID_WRL,1986,34208.60889
World,OWID_WRL,1987,34335.67598
World,OWID_WRL,1988,35756.99941
World,OWID_WRL,1989,36151.50985
World,OWID_WRL,1990,36930.9528
World,OWID_WRL,1991,36816.2953
World,OWID_WRL,1992,37161.09657
World,OWID_WRL,1993,37152.57137
World,OWID_WRL,1994,37725.40082
World,OWID_WRL,1995,38216.39907
World,OWID_WRL,1996,39356.56945
World,OWID_WRL,1997,40504.16861
World,OWID_WRL,1998,41265.63106
World,OWID_WRL,1999,40514.3971
World,OWID_WRL,2000,42074.59453
World,OWID_WRL,2001,42073.43341
World,OWID_WRL,2002,41895.37456
World,OWID_WRL,2003,43474.61177
World,OWID_WRL,2004,45439.90095
World,OWID_WRL,2005,45793.59545
World,OWID_WRL,2006,46110.4311
World,OWID_WRL,2007,45976.03864
World,OWID_WRL,2008,46398.8229
World,OWID_WRL,2009,45215.56239
World,OWID_WRL,2010,46247.25484
World,OWID_WRL,2011,46612.37957
World,OWID_WRL,2012,47874.06446
World,OWID_WRL,2013,47977.01601
World,OWID_WRL,2014,49151.06394
World,OWID_WRL,2015,50700.51451
World,OWID_WRL,2016,50967.22617
Yemen,YEM,1986,5.563499345
Yemen,YEM,1987,14.4650983
Yemen,YEM,1988,94.83861075
Yemen,YEM,1989,99.03028834
Yemen,YEM,1990,101.2556881
Yemen,YEM,1991,109.6009371
Yemen,YEM,1992,101.4880442
Yemen,YEM,1993,115.0808468
Yemen,YEM,1994,190.6300279
Yemen,YEM,1995,193.7374176
Yemen,YEM,1996,196.7464324
Yemen,YEM,1997,206.1437163
Yemen,YEM,1998,209.3519958
Yemen,YEM,1999,222.8923643
Yemen,YEM,2000,248.2835009
Yemen,YEM,2001,249.2103997
Yemen,YEM,2002,250.8079234
Yemen,YEM,2003,247.0351559
Yemen,YEM,2004,232.421168
Yemen,YEM,2005,230.1409551
Yemen,YEM,2006,211.074676
Yemen,YEM,2007,185.4881195
Yemen,YEM,2008,171.6431422
Yemen,YEM,2009,166.8742315
Yemen,YEM,2010,165.9956763
Yemen,YEM,2011,117.7764936
Yemen,YEM,2012,93.13754729
Yemen,YEM,2013,103.433282
Yemen,YEM,2014,78.26264192
Yemen,YEM,2015,23.09778647
Yemen,YEM,2016,9.07689186