Entity,Code,Year,Oil Production - Tonnes (terawatt-hours),,,,,,,,,Entity ,Year,Total,Total
Africa,,1965,1238.960147,,,Other Africa,,1965,1.19789,,,Africa ,1965,1240.158037,1240.158037
Africa,,1966,1574.725428,,,Other Africa,,1966,1.19789,,,Africa ,1966,1575.923318,1575.923318
Africa,,1967,1734.08947,,,Other Africa,,1967,1.15137,,,Africa ,1967,1735.24084,1735.24084
Africa,,1968,2221.538947,,,Other Africa,,1968,1.03507,,,Africa ,1968,2222.574017,2222.574017
Africa,,1969,2822.172176,,,Other Africa,,1969,0.67454,,,Africa ,1969,2822.846716,2822.846716
Africa,,1970,3398.917898,,,Other Africa,,1970,0.51172,,,Africa ,1970,3399.429618,3399.429618
Africa,,1971,3184.419778,,,Other Africa,,1971,0.26749,,,Africa ,1971,3184.687268,3184.687268
Africa,,1972,3199.815431,,,Other Africa,,1972,0.32564,,,Africa ,1972,3200.141071,3200.141071
Africa,,1973,3338.46775,,,Other Africa,,1973,0.48846,,,Africa ,1973,3338.95621,3338.95621
Africa,,1974,3080.568044,,,Other Africa,,1974,0.29075,,,Africa ,1974,3080.858794,3080.858794
Africa,,1975,2819.913448,,,Other Africa,,1975,0.2326,,,Africa ,1975,2820.146048,2820.146048
Africa,,1976,3360.607208,,,Other Africa,,1976,14.72204637,,,Africa ,1976,3375.329254,3375.329254
Africa,,1977,3528.629112,,,Other Africa,,1977,14.10904313,,,Africa ,1977,3542.738155,3542.738155
Africa,,1978,3465.872926,,,Other Africa,,1978,18.04362549,,,Africa ,1978,3483.916551,3483.916551
Africa,,1979,3796.279452,,,Other Africa,,1979,32.24864808,,,Africa ,1979,3828.5281,3828.5281
Africa,,1980,3495.475302,,,Other Africa,,1980,45.61222099,,,Africa ,1980,3541.087523,3541.087523
Africa,,1981,2783.874761,,,Other Africa,,1981,70.05777808,,,Africa ,1981,2853.932539,2853.932539
Africa,,1982,2681.227871,,,Other Africa,,1982,87.76183313,,,Africa ,1982,2768.989704,2768.989704
Africa,,1983,2713.251117,,,Other Africa,,1983,95.75483819,,,Africa ,1983,2809.005955,2809.005955
Africa,,1984,2893.757967,,,Other Africa,,1984,120.9612018,,,Africa ,1984,3014.719169,3014.719169
Africa,,1985,3034.533682,,,Other Africa,,1985,141.9736084,,,Africa ,1985,3176.50729,3176.50729
Africa,,1986,3030.514475,,,Other Africa,,1986,136.8664409,,,Africa ,1986,3167.380916,3167.380916
Africa,,1987,3026.029055,,,Other Africa,,1987,128.6773234,,,Africa ,1987,3154.706378,3154.706378
Africa,,1988,3196.636197,,,Other Africa,,1988,124.4903316,,,Africa ,1988,3321.126529,3321.126529
Africa,,1989,3450.277961,,,Other Africa,,1989,115.2166208,,,Africa ,1989,3565.494582,3565.494582
Africa,,1990,3733.688214,,,Other Africa,,1990,111.7071213,,,Africa ,1990,3845.395335,3845.395335
Africa,,1991,3821.031609,,,Other Africa,,1991,103.5354488,,,Africa ,1991,3924.567058,3924.567058
Africa,,1992,3901.899761,,,Other Africa,,1992,96.22246643,,,Africa ,1992,3998.122227,3998.122227
Africa,,1993,3864.634077,,,Other Africa,,1993,96.91434919,,,Africa ,1993,3961.548426,3961.548426
Africa,,1994,3885.744391,,,Other Africa,,1994,91.26811427,,,Africa ,1994,3977.012505,3977.012505
Africa,,1995,3949.220004,,,Other Africa,,1995,91.22057185,,,Africa ,1995,4040.440576,4040.440576
Africa,,1996,4142.159483,,,Other Africa,,1996,100.0786176,,,Africa ,1996,4242.238101,4242.238101
Africa,,1997,4311.554302,,,Other Africa,,1997,109.3148949,,,Africa ,1997,4420.869197,4420.869197
Africa,,1998,4233.153397,,,Other Africa,,1998,97.06711383,,,Africa ,1998,4330.220511,4330.220511
Africa,,1999,4189.960076,,,Other Africa,,1999,87.20615603,,,Africa ,1999,4277.166232,4277.166232
Africa,,2000,4311.393137,,,Other Africa,,2000,84.32209963,,,Africa ,2000,4395.715237,4395.715237
Africa,,2001,4345.932913,,,Other Africa,,2001,79.00822687,,,Africa ,2001,4424.94114,4424.94114
Africa,,2002,4394.929746,,,Other Africa,,2002,78.94563489,,,Africa ,2002,4473.875381,4473.875381
Africa,,2003,4664.65216,,,Other Africa,,2003,81.19070349,,,Africa ,2003,4745.842863,4745.842863
Africa,,2004,5203.38711,,,Other Africa,,2004,100.2057112,,,Africa ,2004,5303.592821,5303.592821
Africa,,2005,5423.653866,,,Other Africa,,2005,102.5996587,,,Africa ,2005,5526.253525,5526.253525
Africa,,2006,5525.603239,,,Other Africa,,2006,132.3976083,,,Africa ,2006,5658.000847,5658.000847
Africa,,2007,5653.72031,,,Other Africa,,2007,111.2037392,,,Africa ,2007,5764.924049,5764.924049
Africa,,2008,5644.011705,,,Other Africa,,2008,107.2426423,,,Africa ,2008,5751.254347,5751.254347
Africa,,2009,5421.317991,,,Other Africa,,2009,105.5087547,,,Africa ,2009,5526.826746,5526.826746
Africa,,2010,5561.131524,,,Other Africa,,2010,88.64072784,,,Africa ,2010,5649.772252,5649.772252
Africa,,2011,4678.409834,,,Other Africa,,2011,120.2606687,,,Africa ,2011,4798.670503,4798.670503
Africa,,2012,5118.923201,,,Other Africa,,2012,118.6765145,,,Africa ,2012,5237.599716,5237.599716
Africa,,2013,4755.629088,,,Other Africa,,2013,133.1653404,,,Africa ,2013,4888.794428,4888.794428
Africa,,2014,4584.181146,,,Other Africa,,2014,136.0632692,,,Africa ,2014,4720.244415,4720.244415
Africa,,2015,4578.986646,,,Other Africa,,2015,147.0114625,,,Africa ,2015,4725.998109,4725.998109
Africa,,2016,4358.693198,,,Other Africa,,2016,134.7741316,,,Africa ,2016,4493.46733,4493.46733
,,,,,,,,,,,,,,,
Asia Pacific,,1965,522.2455403,,,Other Asia Pacific,,1965,19.52454753,,,Asia Pacific,1965,541.7700878,541.7700878
Asia Pacific,,1966,581.6402987,,,Other Asia Pacific,,1966,18.98122612,,,Asia Pacific,1966,600.6215248,600.6215248
Asia Pacific,,1967,616.696426,,,Other Asia Pacific,,1967,17.30116676,,,Asia Pacific,1967,633.9975928,633.9975928
Asia Pacific,,1968,721.6399487,,,Other Asia Pacific,,1968,19.63330857,,,Asia Pacific,1968,741.2732573,741.2732573
Asia Pacific,,1969,830.6772727,,,Other Asia Pacific,,1969,20.27146113,,,Asia Pacific,1969,850.9487338,850.9487338
Asia Pacific,,1970,1148.65493,,,Other Asia Pacific,,1970,21.8627684,,,Asia Pacific,1970,1170.517698,1170.517698
Asia Pacific,,1971,1379.343175,,,Other Asia Pacific,,1971,23.51423698,,,Asia Pacific,1971,1402.857412,1402.857412
Asia Pacific,,1972,1624.507543,,,Other Asia Pacific,,1972,24.64981405,,,Asia Pacific,1972,1649.157357,1649.157357
Asia Pacific,,1973,1939.576548,,,Other Asia Pacific,,1973,26.07161473,,,Asia Pacific,1973,1965.648163,1965.648163
Asia Pacific,,1974,2067.801381,,,Other Asia Pacific,,1974,26.22200237,,,Asia Pacific,1974,2094.023383,2094.023383
Asia Pacific,,1975,2198.184467,,,Other Asia Pacific,,1975,26.33108624,,,Asia Pacific,1975,2224.515553,2224.515553
Asia Pacific,,1976,2508.017714,,,Other Asia Pacific,,1976,34.22581424,,,Asia Pacific,1976,2542.243528,2542.243528
Asia Pacific,,1977,2738.414716,,,Other Asia Pacific,,1977,39.88085498,,,Asia Pacific,1977,2778.295571,2778.295571
Asia Pacific,,1978,2861.917028,,,Other Asia Pacific,,1978,39.64102193,,,Asia Pacific,1978,2901.55805,2901.55805
Asia Pacific,,1979,2935.64265,,,Other Asia Pacific,,1979,51.12907325,,,Asia Pacific,1979,2986.771723,2986.771723
Asia Pacific,,1980,2847.525268,,,Other Asia Pacific,,1980,42.83319979,,,Asia Pacific,1980,2890.358468,2890.358468
Asia Pacific,,1981,2814.319377,,,Other Asia Pacific,,1981,42.50661936,,,Asia Pacific,1981,2856.825996,2856.825996
Asia Pacific,,1982,2756.463501,,,Other Asia Pacific,,1982,46.66931601,,,Asia Pacific,1982,2803.132817,2803.132817
Asia Pacific,,1983,2959.171533,,,Other Asia Pacific,,1983,49.56381982,,,Asia Pacific,1983,3008.735353,3008.735353
Asia Pacific,,1984,3253.959233,,,Other Asia Pacific,,1984,56.18947775,,,Asia Pacific,1984,3310.148711,3310.148711
Asia Pacific,,1985,3363.460435,,,Other Asia Pacific,,1985,66.38489461,,,Asia Pacific,1985,3429.84533,3429.84533
Asia Pacific,,1986,3486.254865,,,Other Asia Pacific,,1986,67.61833014,,,Asia Pacific,1986,3553.873195,3553.873195
Asia Pacific,,1987,3517.857756,,,Other Asia Pacific,,1987,64.00786061,,,Asia Pacific,1987,3581.865617,3581.865617
Asia Pacific,,1988,3555.610792,,,Other Asia Pacific,,1988,66.30096223,,,Asia Pacific,1988,3621.911754,3621.911754
Asia Pacific,,1989,3659.374818,,,Other Asia Pacific,,1989,71.12745718,,,Asia Pacific,1989,3730.502275,3730.502275
Asia Pacific,,1990,3789.094876,,,Other Asia Pacific,,1990,76.80457728,,,Asia Pacific,1990,3865.899453,3865.899453
Asia Pacific,,1991,3896.334616,,,Other Asia Pacific,,1991,78.52136816,,,Asia Pacific,1991,3974.855984,3974.855984
Asia Pacific,,1992,3890.219374,,,Other Asia Pacific,,1992,109.7602331,,,Asia Pacific,1992,3999.979607,3999.979607
Asia Pacific,,1993,3914.23278,,,Other Asia Pacific,,1993,148.5315318,,,Asia Pacific,1993,4062.764312,4062.764312
Asia Pacific,,1994,4023.382201,,,Other Asia Pacific,,1994,138.847859,,,Asia Pacific,1994,4162.23006,4162.23006
Asia Pacific,,1995,4095.073387,,,Other Asia Pacific,,1995,122.8875306,,,Asia Pacific,1995,4217.960918,4217.960918
Asia Pacific,,1996,4231.234661,,,Other Asia Pacific,,1996,131.1063557,,,Asia Pacific,1996,4362.341017,4362.341017
Asia Pacific,,1997,4272.88821,,,Other Asia Pacific,,1997,121.0276159,,,Asia Pacific,1997,4393.915826,4393.915826
Asia Pacific,,1998,4249.490945,,,Other Asia Pacific,,1998,115.4773133,,,Asia Pacific,1998,4364.968258,4364.968258
Asia Pacific,,1999,4205.788516,,,Other Asia Pacific,,1999,116.2794126,,,Asia Pacific,1999,4322.067929,4322.067929
Asia Pacific,,2000,4431.577019,,,Other Asia Pacific,,2000,105.7062318,,,Asia Pacific,2000,4537.283251,4537.283251
Asia Pacific,,2001,4386.899736,,,Other Asia Pacific,,2001,102.6979538,,,Asia Pacific,2001,4489.59769,4489.59769
Asia Pacific,,2002,4400.525078,,,Other Asia Pacific,,2002,104.0708652,,,Asia Pacific,2002,4504.595943,4504.595943
Asia Pacific,,2003,4349.953809,,,Other Asia Pacific,,2003,102.4292919,,,Asia Pacific,2003,4452.383101,4452.383101
Asia Pacific,,2004,4405.592207,,,Other Asia Pacific,,2004,120.9344881,,,Asia Pacific,2004,4526.526695,4526.526695
Asia Pacific,,2005,4452.808188,,,Other Asia Pacific,,2005,143.7918802,,,Asia Pacific,2005,4596.600068,4596.600068
Asia Pacific,,2006,4430.567468,,,Other Asia Pacific,,2006,152.406737,,,Asia Pacific,2006,4582.974205,4582.974205
Asia Pacific,,2007,4440.90905,,,Other Asia Pacific,,2007,162.008257,,,Asia Pacific,2007,4602.917307,4602.917307
Asia Pacific,,2008,4517.391489,,,Other Asia Pacific,,2008,173.1498578,,,Asia Pacific,2008,4690.541347,4690.541347
Asia Pacific,,2009,4469.436119,,,Other Asia Pacific,,2009,167.464479,,,Asia Pacific,2009,4636.900598,4636.900598
Asia Pacific,,2010,4683.409111,,,Other Asia Pacific,,2010,160.1433833,,,Asia Pacific,2010,4843.552494,4843.552494
Asia Pacific,,2011,4596.570788,,,Other Asia Pacific,,2011,151.6471476,,,Asia Pacific,2011,4748.217936,4748.217936
Asia Pacific,,2012,4653.813232,,,Other Asia Pacific,,2012,146.177179,,,Asia Pacific,2012,4799.990411,4799.990411
Asia Pacific,,2013,4581.32055,,,Other Asia Pacific,,2013,139.4391019,,,Asia Pacific,2013,4720.759652,4720.759652
Asia Pacific,,2014,4611.524883,,,Other Asia Pacific,,2014,150.9766731,,,Asia Pacific,2014,4762.501556,4762.501556
Asia Pacific,,2015,4651.706229,,,Other Asia Pacific,,2015,153.5428615,,,Asia Pacific,2015,4805.249091,4805.249091
Asia Pacific,,2016,4454.358782,,,Other Asia Pacific,,2016,144.4894203,,,Asia Pacific,2016,4598.848202,4598.848202
,,,,,,,,,,,,,,,
CIS,,1965,0,,,,,,,,,CIS,1965,0,0
CIS,,1966,0,,,,,,,,,CIS,1966,0,0
CIS,,1967,0,,,,,,,,,CIS,1967,0,0
CIS,,1968,0,,,,,,,,,CIS,1968,0,0
CIS,,1969,0,,,,,,,,,CIS,1969,0,0
CIS,,1970,0,,,,,,,,,CIS,1970,0,0
CIS,,1971,0,,,,,,,,,CIS,1971,0,0
CIS,,1972,0,,,,,,,,,CIS,1972,0,0
CIS,,1973,0,,,,,,,,,CIS,1973,0,0
CIS,,1974,0,,,,,,,,,CIS,1974,0,0
CIS,,1975,0,,,,,,,,,CIS,1975,0,0
CIS,,1976,0,,,,,,,,,CIS,1976,0,0
CIS,,1977,0,,,,,,,,,CIS,1977,0,0
CIS,,1978,0,,,,,,,,,CIS,1978,0,0
CIS,,1979,0,,,,,,,,,CIS,1979,0,0
CIS,,1980,0,,,,,,,,,CIS,1980,0,0
CIS,,1981,0,,,,,,,,,CIS,1981,0,0
CIS,,1982,0,,,,,,,,,CIS,1982,0,0
CIS,,1983,0,,,,,,,,,CIS,1983,0,0
CIS,,1984,0,,,,,,,,,CIS,1984,0,0
CIS,,1985,6933.06168,,,,,,,,,CIS,1985,6933.06168,6933.06168
CIS,,1986,7154.45036,,,,,,,,,CIS,1986,7154.45036,7154.45036
CIS,,1987,7268.41273,,,,,,,,,CIS,1987,7268.41273,7268.41273
CIS,,1988,7251.29337,,,,,,,,,CIS,1988,7251.29337,7251.29337
CIS,,1989,7060.17758,,,,,,,,,CIS,1989,7060.17758,7060.17758
CIS,,1990,6633.11235,,,,,,,,,CIS,1990,6633.11235,6633.11235
CIS,,1991,5997.331651,,,,,,,,,CIS,1991,5997.331651,5997.331651
CIS,,1992,5245.207921,,,,,,,,,CIS,1992,5245.207921,5245.207921
CIS,,1993,4685.986349,,,,,,,,,CIS,1993,4685.986349,4685.986349
CIS,,1994,4227.28403,,,,,,,,,CIS,1994,4227.28403,4227.28403
CIS,,1995,4166.589386,,,,,,,,,CIS,1995,4166.589386,4166.589386
CIS,,1996,4105.231832,,,,,,,,,CIS,1996,4105.231832,4105.231832
CIS,,1997,4204.940474,,,,,,,,,CIS,1997,4204.940474,4204.940474
CIS,,1998,4211.298595,,,,,,,,,CIS,1998,4211.298595,4211.298595
CIS,,1999,4298.921341,,,,,,,,,CIS,1999,4298.921341,4298.921341
CIS,,2000,4608.229966,,,,,,,,,CIS,2000,4608.229966,4608.229966
CIS,,2001,4971.692603,,,,,,,,,CIS,2001,4971.692603,4971.692603
CIS,,2002,5451.106636,,,,,,,,,CIS,2002,5451.106636,5451.106636
CIS,,2003,6003.600294,,,,,,,,,CIS,2003,6003.600294,6003.600294
CIS,,2004,6526.976796,,,,,,,,,CIS,2004,6526.976796,6526.976796
CIS,,2005,6749.697553,,,,,,,,,CIS,2005,6749.697553,6749.697553
CIS,,2006,7028.750196,,,,,,,,,CIS,2006,7028.750196,7028.750196
CIS,,2007,7303.722783,,,,,,,,,CIS,2007,7303.722783,7303.722783
CIS,,2008,7334.096253,,,,,,,,,CIS,2008,7334.096253,7334.096253
CIS,,2009,7550.342187,,,,,,,,,CIS,2009,7550.342187,7550.342187
CIS,,2010,7708.855139,,,,,,,,,CIS,2010,7708.855139,7708.855139
CIS,,2011,7730.222132,,,,,,,,,CIS,2011,7730.222132,7730.222132
CIS,,2012,7778.583852,,,,,,,,,CIS,2012,7778.583852,7778.583852
CIS,,2013,7870.673881,,,,,,,,,CIS,2013,7870.673881,7870.673881
CIS,,2014,7874.711202,,,,,,,,,CIS,2014,7874.711202,7874.711202
CIS,,2015,7937.998205,,,,,,,,,CIS,2015,7937.998205,7937.998205
CIS,,2016,8076.859158,,,,,,,,,CIS,2016,8076.859158,8076.859158
,,,,,,,,,,,,,,,
Europe & Eurasia,,1965,3278.42722,,,Other Europe & Eurasia,,1965,277.06149,,,Europe & Eurasia,1965,3555.48871,3555.48871
Europe & Eurasia,,1966,3543.96338,,,Other Europe & Eurasia,,1966,286.36549,,,Europe & Eurasia,1966,3830.32887,3830.32887
Europe & Eurasia,,1967,3826.45608,,,Other Europe & Eurasia,,1967,298.28624,,,Europe & Eurasia,1967,4124.74232,4124.74232
Europe & Eurasia,,1968,4078.86197,,,Other Europe & Eurasia,,1968,305.55499,,,Europe & Eurasia,1968,4384.41696,4384.41696
Europe & Eurasia,,1969,4307.10072,,,Other Europe & Eurasia,,1969,311.93986,,,Europe & Eurasia,1969,4619.04058,4619.04058
Europe & Eurasia,,1970,4594.17564,,,Other Europe & Eurasia,,1970,309.98602,,,Europe & Eurasia,1970,4904.16166,4904.16166
Europe & Eurasia,,1971,4868.58294,,,Other Europe & Eurasia,,1971,298.56536,,,Europe & Eurasia,1971,5167.1483,5167.1483
Europe & Eurasia,,1972,5158.456683,,,Other Europe & Eurasia,,1972,296.14632,,,Europe & Eurasia,1972,5454.603003,5454.603003
Europe & Eurasia,,1973,5493.961901,,,Other Europe & Eurasia,,1973,297.42562,,,Europe & Eurasia,1973,5791.387521,5791.387521
Europe & Eurasia,,1974,5844.462872,,,Other Europe & Eurasia,,1974,296.30914,,,Europe & Eurasia,1974,6140.772012,6140.772012
Europe & Eurasia,,1975,6316.64596,,,Other Europe & Eurasia,,1975,292.85503,,,Europe & Eurasia,1975,6609.50099,6609.50099
Europe & Eurasia,,1976,6821.995935,,,Other Europe & Eurasia,,1976,285.0513,,,Europe & Eurasia,1976,7107.047235,7107.047235
Europe & Eurasia,,1977,7426.778388,,,Other Europe & Eurasia,,1977,276.16598,,,Europe & Eurasia,1977,7702.944368,7702.944368
Europe & Eurasia,,1978,7943.772772,,,Other Europe & Eurasia,,1978,280.7482,,,Europe & Eurasia,1978,8224.520972,8224.520972
Europe & Eurasia,,1979,8407.215038,,,Other Europe & Eurasia,,1979,292.11071,,,Europe & Eurasia,1979,8699.325748,8699.325748
Europe & Eurasia,,1980,8682.467462,,,Other Europe & Eurasia,,1980,277.4918,,,Europe & Eurasia,1980,8959.959262,8959.959262
Europe & Eurasia,,1981,8838.175647,,,Other Europe & Eurasia,,1981,267.51326,,,Europe & Eurasia,1981,9105.688907,9105.688907
Europe & Eurasia,,1982,9079.72001,,,Other Europe & Eurasia,,1982,279.84106,,,Europe & Eurasia,1982,9359.56107,9359.56107
Europe & Eurasia,,1983,9362.848988,,,Other Europe & Eurasia,,1983,301.6822,,,Europe & Eurasia,1983,9664.531188,9664.531188
Europe & Eurasia,,1984,9505.843639,,,Other Europe & Eurasia,,1984,303.69419,,,Europe & Eurasia,1984,9809.537829,9809.537829
Europe & Eurasia,,1985,9387.628069,,,Other Europe & Eurasia,,1985,424.80901,,,Europe & Eurasia,1985,9812.437079,9812.437079
Europe & Eurasia,,1986,9656.879684,,,Other Europe & Eurasia,,1986,428.08867,,,Europe & Eurasia,1986,10084.96835,10084.96835
Europe & Eurasia,,1987,9818.921973,,,Other Europe & Eurasia,,1987,415.38871,,,Europe & Eurasia,1987,10234.31068,10234.31068
Europe & Eurasia,,1988,9782.941972,,,Other Europe & Eurasia,,1988,403.99131,,,Europe & Eurasia,1988,10186.93328,10186.93328
Europe & Eurasia,,1989,9525.261142,,,Other Europe & Eurasia,,1989,389.43055,,,Europe & Eurasia,1989,9914.691692,9914.691692
Europe & Eurasia,,1990,9167.877598,,,Other Europe & Eurasia,,1990,385.61591,,,Europe & Eurasia,1990,9553.493508,9553.493508
Europe & Eurasia,,1991,8663.894547,,,Other Europe & Eurasia,,1991,384.73203,,,Europe & Eurasia,1991,9048.626577,9048.626577
Europe & Eurasia,,1992,8091.458894,,,Other Europe & Eurasia,,1992,363.82129,,,Europe & Eurasia,1992,8455.280184,8455.280184
Europe & Eurasia,,1993,7670.700924,,,Other Europe & Eurasia,,1993,337.02577,,,Europe & Eurasia,1993,8007.726694,8007.726694
Europe & Eurasia,,1994,7704.913554,,,Other Europe & Eurasia,,1994,341.133486,,,Europe & Eurasia,1994,8046.04704,8046.04704
Europe & Eurasia,,1995,7784.668113,,,Other Europe & Eurasia,,1995,321.168265,,,Europe & Eurasia,1995,8105.836378,8105.836378
Europe & Eurasia,,1996,7908.918935,,,Other Europe & Eurasia,,1996,305.39217,,,Europe & Eurasia,1996,8214.311105,8214.311105
Europe & Eurasia,,1997,8008.128506,,,Other Europe & Eurasia,,1997,291.597827,,,Europe & Eurasia,1997,8299.726333,8299.726333
Europe & Eurasia,,1998,7983.522287,,,Other Europe & Eurasia,,1998,281.415762,,,Europe & Eurasia,1998,8264.938049,8264.938049
Europe & Eurasia,,1999,8132.523612,,,Other Europe & Eurasia,,1999,263.750955,,,Europe & Eurasia,1999,8396.274567,8396.274567
Europe & Eurasia,,2000,8473.355436,,,Other Europe & Eurasia,,2000,259.652543,,,Europe & Eurasia,2000,8733.007979,8733.007979
Europe & Eurasia,,2001,8730.65448,,,Other Europe & Eurasia,,2001,258.456979,,,Europe & Eurasia,2001,8989.111459,8989.111459
Europe & Eurasia,,2002,9184.496706,,,Other Europe & Eurasia,,2002,274.331929,,,Europe & Eurasia,2002,9458.828635,9458.828635
Europe & Eurasia,,2003,9572.80381,,,Other Europe & Eurasia,,2003,278.843206,,,Europe & Eurasia,2003,9851.647016,9851.647016
Europe & Eurasia,,2004,9931.426859,,,Other Europe & Eurasia,,2004,272.4651396,,,Europe & Eurasia,2004,10203.892,10203.892
Europe & Eurasia,,2005,9878.231069,,,Other Europe & Eurasia,,2005,256.0401385,,,Europe & Eurasia,2005,10134.27121,10134.27121
Europe & Eurasia,,2006,9918.771642,,,Other Europe & Eurasia,,2006,252.3015922,,,Europe & Eurasia,2006,10171.07323,10171.07323
Europe & Eurasia,,2007,10050.28846,,,Other Europe & Eurasia,,2007,251.5508291,,,Europe & Eurasia,2007,10301.83929,10301.83929
Europe & Eurasia,,2008,9948.876688,,,Other Europe & Eurasia,,2008,239.6102965,,,Europe & Eurasia,2008,10188.48698,10188.48698
Europe & Eurasia,,2009,10020.21728,,,Other Europe & Eurasia,,2009,231.1367716,,,Europe & Eurasia,2009,10251.35405,10251.35405
Europe & Eurasia,,2010,9996.207682,,,Other Europe & Eurasia,,2010,222.9200486,,,Europe & Eurasia,2010,10219.12773,10219.12773
Europe & Eurasia,,2011,9821.750736,,,Other Europe & Eurasia,,2011,223.8278864,,,Europe & Eurasia,2011,10045.57862,10045.57862
Europe & Eurasia,,2012,9695.281438,,,Other Europe & Eurasia,,2012,222.7754877,,,Europe & Eurasia,2012,9918.056926,9918.056926
Europe & Eurasia,,2013,9691.467474,,,Other Europe & Eurasia,,2013,227.6655189,,,Europe & Eurasia,2013,9919.132993,9919.132993
Europe & Eurasia,,2014,9708.046764,,,Other Europe & Eurasia,,2014,223.2835675,,,Europe & Eurasia,2014,9931.330332,9931.330332
Europe & Eurasia,,2015,9854.375539,,,Other Europe & Eurasia,,2015,218.0686515,,,Europe & Eurasia,2015,10072.44419,10072.44419
Europe & Eurasia,,2016,10008.55158,,,Other Europe & Eurasia,,2016,211.4148245,,,Europe & Eurasia,2016,10219.9664,10219.9664
,,,,,,,,,,,,,,,
European Union,,1965,402.07236,,,,,,,,,European Union,1965,402.07236,402.07236
European Union,,1966,400.7698,,,,,,,,,European Union,1966,400.7698,400.7698
European Union,,1967,404.58444,,,,,,,,,European Union,1967,404.58444,404.58444
European Union,,1968,404.30532,,,,,,,,,European Union,1968,404.30532,404.30532
European Union,,1969,400.25808,,,,,,,,,European Union,1969,400.25808,400.25808
European Union,,1970,396.37366,,,,,,,,,European Union,1970,396.37366,396.37366
European Union,,1971,385.98807,,,,,,,,,European Union,1971,385.98807,385.98807
European Union,,1972,381.0770735,,,,,,,,,European Union,1972,381.0770735,381.0770735
European Union,,1973,382.164067,,,,,,,,,European Union,1973,382.164067,382.164067
European Union,,1974,388.133378,,,,,,,,,European Union,1974,388.133378,388.133378
European Union,,1975,400.748807,,,,,,,,,European Union,1975,400.748807,400.748807
European Union,,1976,521.2038069,,,,,,,,,European Union,1976,521.2038069,521.2038069
European Union,,1977,816.62739,,,,,,,,,European Union,1977,816.62739,816.62739
European Union,,1978,989.909002,,,,,,,,,European Union,1978,989.909002,989.909002
European Union,,1979,1253.886742,,,,,,,,,European Union,1979,1253.886742,1253.886742
European Union,,1980,1276.49939,,,,,,,,,European Union,1980,1276.49939,1276.49939
European Union,,1981,1382.643885,,,,,,,,,European Union,1981,1382.643885,1382.643885
European Union,,1982,1571.176666,,,,,,,,,European Union,1982,1571.176666,1571.176666
European Union,,1983,1741.155917,,,,,,,,,European Union,1983,1741.155917,1741.155917
European Union,,1984,1873.623962,,,,,,,,,European Union,1984,1873.623962,1873.623962
European Union,,1985,1904.50436,,,,,,,,,European Union,1985,1904.50436,1904.50436
European Union,,1986,1908.856806,,,,,,,,,European Union,1986,1908.856806,1908.856806
European Union,,1987,1875.337997,,,,,,,,,European Union,1987,1875.337997,1875.337997
European Union,,1988,1779.495307,,,,,,,,,European Union,1988,1779.495307,1779.495307
European Union,,1989,1504.758528,,,,,,,,,European Union,1989,1504.758528,1504.758528
European Union,,1990,1509.080059,,,,,,,,,European Union,1990,1509.080059,1509.080059
European Union,,1991,1495.837728,,,,,,,,,European Union,1991,1495.837728,1495.837728
European Union,,1992,1525.888902,,,,,,,,,European Union,1992,1525.888902,1525.888902
European Union,,1993,1590.552712,,,,,,,,,European Union,1993,1590.552712,1590.552712
European Union,,1994,1919.396055,,,,,,,,,European Union,1994,1919.396055,1919.396055
European Union,,1995,1948.642384,,,,,,,,,European Union,1995,1948.642384,1948.642384
European Union,,1996,1945.093681,,,,,,,,,European Union,1996,1945.093681,1945.093681
European Union,,1997,1928.770113,,,,,,,,,European Union,1997,1928.770113,1928.770113
European Union,,1998,1978.526342,,,,,,,,,European Union,1998,1978.526342,1978.526342
European Union,,1999,2045.644434,,,,,,,,,European Union,1999,2045.644434,2045.644434
European Union,,2000,1949.526538,,,,,,,,,European Union,2000,1949.526538,1949.526538
European Union,,2001,1825.814191,,,,,,,,,European Union,2001,1825.814191,1825.814191
European Union,,2002,1855.986141,,,,,,,,,European Union,2002,1855.986141,1855.986141
European Union,,2003,1738.679871,,,,,,,,,European Union,2003,1738.679871,1738.679871
European Union,,2004,1616.500463,,,,,,,,,European Union,2004,1616.500463,1616.500463
European Union,,2005,1479.61416,,,,,,,,,European Union,2005,1479.61416,1479.61416
European Union,,2006,1349.753472,,,,,,,,,European Union,2006,1349.753472,1349.753472
European Union,,2007,1327.610422,,,,,,,,,European Union,2007,1327.610422,1327.610422
European Union,,2008,1239.857627,,,,,,,,,European Union,2008,1239.857627,1239.857627
European Union,,2009,1162.915583,,,,,,,,,European Union,2009,1162.915583,1162.915583
European Union,,2010,1088.912429,,,,,,,,,European Union,2010,1088.912429,1088.912429
European Union,,2011,950.4983139,,,,,,,,,European Union,2011,950.4983139,950.4983139
European Union,,2012,849.020433,,,,,,,,,European Union,2012,849.020433,849.020433
European Union,,2013,797.1417143,,,,,,,,,European Union,2013,797.1417143,797.1417143
European Union,,2014,783.0125348,,,,,,,,,European Union,2014,783.0125348,783.0125348
European Union,,2015,836.1339961,,,,,,,,,European Union,2015,836.1339961,836.1339961
European Union,,2016,823.396287,,,,,,,,,European Union,2016,823.396287,823.396287
,,,,,,,,,,,,,,,
Middle East,,1965,4869.0878,,,Other Middle East,,1965,35.42745852,,,Middle East,1965,4904.515259,4904.515259
Middle East,,1966,5431.864684,,,Other Middle East,,1966,38.18745454,,,Middle East,1966,5470.052139,5470.052139
Middle East,,1967,5812.420077,,,Other Middle East,,1967,42.36154415,,,Middle East,1967,5854.781621,5854.781621
Middle East,,1968,6541.369778,,,Other Middle East,,1968,45.38026,,,Middle East,1968,6586.750038,6586.750038
Middle East,,1969,7179.164914,,,Other Middle East,,1969,45.23625137,,,Middle East,1969,7224.401165,7224.401165
Middle East,,1970,8052.949528,,,Other Middle East,,1970,45.57891057,,,Middle East,1970,8098.528439,8098.528439
Middle East,,1971,9467.932842,,,Other Middle East,,1971,44.21556316,,,Middle East,1971,9512.148405,9512.148405
Middle East,,1972,10563.21118,,,Other Middle East,,1972,41.136473,,,Middle East,1972,10604.34765,10604.34765
Middle East,,1973,12269.10486,,,Other Middle East,,1973,39.88171675,,,Middle East,1973,12308.98658,12308.98658
Middle East,,1974,12664.59912,,,Other Middle East,,1974,39.31459855,,,Middle East,1974,12703.91372,12703.91372
Middle East,,1975,11400.48539,,,Other Middle East,,1975,35.78628533,,,Middle East,1975,11436.27168,11436.27168
Middle East,,1976,12946.96076,,,Other Middle East,,1976,34.163125,,,Middle East,1976,12981.12389,12981.12389
Middle East,,1977,13003.45471,,,Other Middle East,,1977,33.94653373,,,Middle East,1977,13037.40124,13037.40124
Middle East,,1978,12380.44054,,,Other Middle East,,1978,32.18005112,,,Middle East,1978,12412.62059,12412.62059
Middle East,,1979,12666.19987,,,Other Middle East,,1979,29.81621231,,,Middle East,1979,12696.01608,12696.01608
Middle East,,1980,10868.53067,,,Other Middle East,,1980,30.89052321,,,Middle East,1980,10899.42119,10899.42119
Middle East,,1981,9274.378279,,,Other Middle East,,1981,29.95589613,,,Middle East,1981,9304.334175,9304.334175
Middle East,,1982,7679.243893,,,Other Middle East,,1982,28.74490172,,,Middle East,1982,7707.988795,7707.988795
Middle East,,1983,6726.344006,,,Other Middle East,,1983,27.58391632,,,Middle East,1983,6753.927922,6753.927922
Middle East,,1984,6409.519597,,,Other Middle East,,1984,27.63821376,,,Middle East,1984,6437.157811,6437.157811
Middle East,,1985,6006.800547,,,Other Middle East,,1985,27.58740532,,,Middle East,1985,6034.387952,6034.387952
Middle East,,1986,7434.597174,,,Other Middle East,,1986,27.78046332,,,Middle East,1986,7462.377637,7462.377637
Middle East,,1987,7457.014879,,,Other Middle East,,1987,28.29567232,,,Middle East,1987,7485.310551,7485.310551
Middle East,,1988,8628.910795,,,Other Middle East,,1988,28.94426276,,,Middle East,1988,8657.855058,8657.855058
Middle East,,1989,9269.63306,,,Other Middle East,,1989,28.78138052,,,Middle East,1989,9298.414441,9298.414441
Middle East,,1990,9906.734773,,,Other Middle East,,1990,28.22240332,,,Middle East,1990,9934.957176,9934.957176
Middle East,,1991,9786.482322,,,Other Middle East,,1991,28.83217625,,,Middle East,1991,9815.314498,9815.314498
Middle East,,1992,10630.95571,,,Other Middle East,,1992,29.05190041,,,Middle East,1992,10660.00761,10660.00761
Middle East,,1993,11067.83858,,,Other Middle East,,1993,28.57441605,,,Middle East,1993,11096.413,11096.413
Middle East,,1994,11341.79015,,,Other Middle East,,1994,27.94333285,,,Middle East,1994,11369.73348,11369.73348
Middle East,,1995,11388.39156,,,Other Middle East,,1995,27.98985285,,,Middle East,1995,11416.38141,11416.38141
Middle East,,1996,11669.36905,,,Other Middle East,,1996,27.08406431,,,Middle East,1996,11696.45311,11696.45311
Middle East,,1997,12227.57209,,,Other Middle East,,1997,27.01143368,,,Middle East,1997,12254.58352,12254.58352
Middle East,,1998,12930.07811,,,Other Middle East,,1998,26.42105548,,,Middle East,1998,12956.49917,12956.49917
Middle East,,1999,12568.11245,,,Other Middle East,,1999,25.84695927,,,Middle East,1999,12593.95941,12593.95941
Middle East,,2000,13373.12437,,,Other Middle East,,2000,26.5064967,,,Middle East,2000,13399.63087,13399.63087
Middle East,,2001,13032.28742,,,Other Middle East,,2001,25.85203439,,,Middle East,2001,13058.13945,13058.13945
Middle East,,2002,12298.76806,,,Other Middle East,,2002,26.44008659,,,Middle East,2002,12325.20815,12325.20815
Middle East,,2003,13202.77776,,,Other Middle East,,2003,26.31046188,,,Middle East,2003,13229.08822,13229.08822
Middle East,,2004,13940.81125,,,Other Middle East,,2004,26.49366208,,,Middle East,2004,13967.30491,13967.30491
Middle East,,2005,14262.76189,,,Other Middle East,,2005,105.5935434,,,Middle East,2005,14368.35543,14368.35543
Middle East,,2006,14374.49885,,,Other Middle East,,2006,104.0235236,,,Middle East,2006,14478.52237,14478.52237
Middle East,,2007,14120.18076,,,Other Middle East,,2007,110.9172759,,,Middle East,2007,14231.09804,14231.09804
Middle East,,2008,14745.02354,,,Other Middle East,,2008,110.4277514,,,Middle East,2008,14855.45129,14855.45129
Middle East,,2009,13683.62614,,,Other Middle East,,2009,109.8517928,,,Middle East,2009,13793.47793,13793.47793
Middle East,,2010,14179.41634,,,Other Middle East,,2010,109.8471276,,,Middle East,2010,14289.26347,14289.26347
Middle East,,2011,15416.62246,,,Other Middle East,,2011,115.1037561,,,Middle East,2011,15531.72622,15531.72622
Middle East,,2012,15630.57359,,,Other Middle East,,2012,105.2248712,,,Middle East,2012,15735.79846,15735.79846
Middle East,,2013,15422.39977,,,Other Middle East,,2013,119.5378526,,,Middle East,2013,15541.93762,15541.93762
Middle East,,2014,15568.75136,,,Other Middle East,,2014,122.6606955,,,Middle East,2014,15691.41206,15691.41206
Middle East,,2015,16416.98332,,,Other Middle East,,2015,121.9766654,,,Middle East,2015,16538.95999,16538.95999
Middle East,,2016,17409.20304,,,Other Middle East,,2016,117.5939696,,,Middle East,2016,17526.79701,17526.79701
,,,,,,,,,,,,,,,
Non-OECD,,1965,12238.13676,,,,,,,,,Non-OECD,1965,12238.13676,12238.13676
Non-OECD,,1966,13434.92117,,,,,,,,,Non-OECD,1966,13434.92117,13434.92117
Non-OECD,,1967,14448.52097,,,,,,,,,Non-OECD,1967,14448.52097,14448.52097
Non-OECD,,1968,16080.63148,,,,,,,,,Non-OECD,1968,16080.63148,16080.63148
Non-OECD,,1969,17655.84634,,,,,,,,,Non-OECD,1969,17655.84634,17655.84634
Non-OECD,,1970,19720.50075,,,,,,,,,Non-OECD,1970,19720.50075,19720.50075
Non-OECD,,1971,21290.46158,,,,,,,,,Non-OECD,1971,21290.46158,21290.46158
Non-OECD,,1972,22782.79735,,,,,,,,,Non-OECD,1972,22782.79735,22782.79735
Non-OECD,,1973,25405.72971,,,,,,,,,Non-OECD,1973,25405.72971,25405.72971
Non-OECD,,1974,25763.00888,,,,,,,,,Non-OECD,1974,25763.00888,25763.00888
Non-OECD,,1975,24319.40149,,,,,,,,,Non-OECD,1975,24319.40149,24319.40149
Non-OECD,,1976,27031.91518,,,,,,,,,Non-OECD,1976,27031.91518,27031.91518
Non-OECD,,1977,27756.82148,,,,,,,,,Non-OECD,1977,27756.82148,27756.82148
Non-OECD,,1978,27497.34582,,,,,,,,,Non-OECD,1978,27497.34582,27497.34582
Non-OECD,,1979,28500.45587,,,,,,,,,Non-OECD,1979,28500.45587,28500.45587
Non-OECD,,1980,26419.55706,,,,,,,,,Non-OECD,1980,26419.55706,26419.55706
Non-OECD,,1981,24119.45131,,,,,,,,,Non-OECD,1981,24119.45131,24119.45131
Non-OECD,,1982,22312.4611,,,,,,,,,Non-OECD,1982,22312.4611,22312.4611
Non-OECD,,1983,21623.7206,,,,,,,,,Non-OECD,1983,21623.7206,21623.7206
Non-OECD,,1984,21782.05942,,,,,,,,,Non-OECD,1984,21782.05942,21782.05942
Non-OECD,,1985,21376.46434,,,,,,,,,Non-OECD,1985,21376.46434,21376.46434
Non-OECD,,1986,23333.3986,,,,,,,,,Non-OECD,1986,23333.3986,23333.3986
Non-OECD,,1987,23435.20246,,,,,,,,,Non-OECD,1987,23435.20246,23435.20246
Non-OECD,,1988,24931.80391,,,,,,,,,Non-OECD,1988,24931.80391,24931.80391
Non-OECD,,1989,25778.22216,,,,,,,,,Non-OECD,1989,25778.22216,25778.22216
Non-OECD,,1990,26537.30248,,,,,,,,,Non-OECD,1990,26537.30248,26537.30248
Non-OECD,,1991,26127.59556,,,,,,,,,Non-OECD,1991,26127.59556,26127.59556
Non-OECD,,1992,26362.61756,,,,,,,,,Non-OECD,1992,26362.61756,26362.61756
Non-OECD,,1993,26356.92335,,,,,,,,,Non-OECD,1993,26356.92335,26356.92335
Non-OECD,,1994,26461.90594,,,,,,,,,Non-OECD,1994,26461.90594,26461.90594
Non-OECD,,1995,26866.70677,,,,,,,,,Non-OECD,1995,26866.70677,26866.70677
Non-OECD,,1996,27634.00655,,,,,,,,,Non-OECD,1996,27634.00655,27634.00655
Non-OECD,,1997,28631.96679,,,,,,,,,Non-OECD,1997,28631.96679,28631.96679
Non-OECD,,1998,29487.2597,,,,,,,,,Non-OECD,1998,29487.2597,29487.2597
Non-OECD,,1999,29001.05352,,,,,,,,,Non-OECD,1999,29001.05352,29001.05352
Non-OECD,,2000,30379.35298,,,,,,,,,Non-OECD,2000,30379.35298,30379.35298
Non-OECD,,2001,30474.01031,,,,,,,,,Non-OECD,2001,30474.01031,30474.01031
Non-OECD,,2002,30250.14344,,,,,,,,,Non-OECD,2002,30250.14344,30250.14344
Non-OECD,,2003,31948.32732,,,,,,,,,Non-OECD,2003,31948.32732,31948.32732
Non-OECD,,2004,34129.12294,,,,,,,,,Non-OECD,2004,34129.12294,34129.12294
Non-OECD,,2005,35019.4863,,,,,,,,,Non-OECD,2005,35019.4863,35019.4863
Non-OECD,,2006,35593.23646,,,,,,,,,Non-OECD,2006,35593.23646,35593.23646
Non-OECD,,2007,35633.86872,,,,,,,,,Non-OECD,2007,35633.86872,35633.86872
Non-OECD,,2008,36421.11032,,,,,,,,,Non-OECD,2008,36421.11032,36421.11032
Non-OECD,,2009,35287.47928,,,,,,,,,Non-OECD,2009,35287.47928,35287.47928
Non-OECD,,2010,36284.19351,,,,,,,,,Non-OECD,2010,36284.19351,36284.19351
Non-OECD,,2011,36644.99163,,,,,,,,,Non-OECD,2011,36644.99163,36644.99163
Non-OECD,,2012,37382.93597,,,,,,,,,Non-OECD,2012,37382.93597,37382.93597
Non-OECD,,2013,36884.13932,,,,,,,,,Non-OECD,2013,36884.13932,36884.13932
Non-OECD,,2014,37033.76109,,,,,,,,,Non-OECD,2014,37033.76109,37033.76109
Non-OECD,,2015,38065.43062,,,,,,,,,Non-OECD,2015,38065.43062,38065.43062
Non-OECD,,2016,38639.78646,,,,,,,,,Non-OECD,2016,38639.78646,38639.78646
Non-OPEC,,1965,10107.83373,,,,,,,,,Non-OPEC,1965,10107.83373,10107.83373
Non-OPEC,,1966,10846.47166,,,,,,,,,Non-OPEC,1966,10846.47166,10846.47166
Non-OPEC,,1967,11715.45937,,,,,,,,,Non-OPEC,1967,11715.45937,11715.45937
Non-OPEC,,1968,12569.15861,,,,,,,,,Non-OPEC,1968,12569.15861,12569.15861
Non-OPEC,,1969,13214.72817,,,,,,,,,Non-OPEC,1969,13214.72817,13214.72817
Non-OPEC,,1970,14263.87646,,,,,,,,,Non-OPEC,1970,14263.87646,14263.87646
Non-OPEC,,1971,14731.84313,,,,,,,,,Non-OPEC,1971,14731.84313,14731.84313
Non-OPEC,,1972,15397.70482,,,,,,,,,Non-OPEC,1972,15397.70482,15397.70482
Non-OPEC,,1973,16075.52597,,,,,,,,,Non-OPEC,1973,16075.52597,16075.52597
Non-OPEC,,1974,16327.46867,,,,,,,,,Non-OPEC,1974,16327.46867,16327.46867
Non-OPEC,,1975,16731.62447,,,,,,,,,Non-OPEC,1975,16731.62447,16731.62447
Non-OPEC,,1976,17467.50372,,,,,,,,,Non-OPEC,1976,17467.50372,17467.50372
Non-OPEC,,1977,18519.53644,,,,,,,,,Non-OPEC,1977,18519.53644,18519.53644
Non-OPEC,,1978,19635.88195,,,,,,,,,Non-OPEC,1978,19635.88195,19635.88195
Non-OPEC,,1979,20414.20448,,,,,,,,,Non-OPEC,1979,20414.20448,20414.20448
Non-OPEC,,1980,20985.93533,,,,,,,,,Non-OPEC,1980,20985.93533,20985.93533
Non-OPEC,,1981,21334.39972,,,,,,,,,Non-OPEC,1981,21334.39972,21334.39972
Non-OPEC,,1982,21865.56482,,,,,,,,,Non-OPEC,1982,21865.56482,21865.56482
Non-OPEC,,1983,22497.02122,,,,,,,,,Non-OPEC,1983,22497.02122,22497.02122
Non-OPEC,,1984,23384.79333,,,,,,,,,Non-OPEC,1984,23384.79333,23384.79333
Non-OPEC,,1985,23549.22349,,,,,,,,,Non-OPEC,1985,23549.22349,23549.22349
Non-OPEC,,1986,23723.65694,,,,,,,,,Non-OPEC,1986,23723.65694,23723.65694
Non-OPEC,,1987,23979.35178,,,,,,,,,Non-OPEC,1987,23979.35178,23979.35178
Non-OPEC,,1988,24036.73373,,,,,,,,,Non-OPEC,1988,24036.73373,24036.73373
Non-OPEC,,1989,23625.38309,,,,,,,,,Non-OPEC,1989,23625.38309,23625.38309
Non-OPEC,,1990,23449.02647,,,,,,,,,Non-OPEC,1990,23449.02647,23449.02647
Non-OPEC,,1991,23273.73683,,,,,,,,,Non-OPEC,1991,23273.73683,23273.73683
Non-OPEC,,1992,22718.41519,,,,,,,,,Non-OPEC,1992,22718.41519,22718.41519
Non-OPEC,,1993,22340.89174,,,,,,,,,Non-OPEC,1993,22340.89174,22340.89174
Non-OPEC,,1994,22589.44114,,,,,,,,,Non-OPEC,1994,22589.44114,22589.44114
Non-OPEC,,1995,22897.11256,,,,,,,,,Non-OPEC,1995,22897.11256,22897.11256
Non-OPEC,,1996,23481.81386,,,,,,,,,Non-OPEC,1996,23481.81386,23481.81386
Non-OPEC,,1997,23867.69406,,,,,,,,,Non-OPEC,1997,23867.69406,23867.69406
Non-OPEC,,1998,23939.55594,,,,,,,,,Non-OPEC,1998,23939.55594,23939.55594
Non-OPEC,,1999,23841.45159,,,,,,,,,Non-OPEC,1999,23841.45159,23841.45159
Non-OPEC,,2000,24492.98716,,,,,,,,,Non-OPEC,2000,24492.98716,24492.98716
Non-OPEC,,2001,24797.44507,,,,,,,,,Non-OPEC,2001,24797.44507,24797.44507
Non-OPEC,,2002,25459.68919,,,,,,,,,Non-OPEC,2002,25459.68919,25459.68919
Non-OPEC,,2003,25890.87192,,,,,,,,,Non-OPEC,2003,25890.87192,25890.87192
Non-OPEC,,2004,26268.12562,,,,,,,,,Non-OPEC,2004,26268.12562,26268.12562
Non-OPEC,,2005,26134.44547,,,,,,,,,Non-OPEC,2005,26134.44547,26134.44547
Non-OPEC,,2006,26201.3588,,,,,,,,,Non-OPEC,2006,26201.3588,26201.3588
Non-OPEC,,2007,26273.4498,,,,,,,,,Non-OPEC,2007,26273.4498,26273.4498
Non-OPEC,,2008,26081.06392,,,,,,,,,Non-OPEC,2008,26081.06392,26081.06392
Non-OPEC,,2009,26333.55189,,,,,,,,,Non-OPEC,2009,26333.55189,26333.55189
Non-OPEC,,2010,26848.51118,,,,,,,,,Non-OPEC,2010,26848.51118,26848.51118
Non-OPEC,,2011,26753.0234,,,,,,,,,Non-OPEC,2011,26753.0234,26753.0234
Non-OPEC,,2012,27172.77815,,,,,,,,,Non-OPEC,2012,27172.77815,27172.77815
Non-OPEC,,2013,27834.07459,,,,,,,,,Non-OPEC,2013,27834.07459,27834.07459
Non-OPEC,,2014,29030.18477,,,,,,,,,Non-OPEC,2014,29030.18477,29030.18477
Non-OPEC,,2015,29729.16139,,,,,,,,,Non-OPEC,2015,29729.16139,29729.16139
Non-OPEC,,2016,29286.7614,,,,,,,,,Non-OPEC,2016,29286.7614,29286.7614
,,,,,,,,,,,,,,,
North America,,1965,5694.309833,,,,,,,,,North America,1965,5694.309833,5694.309833
North America,,1966,6062.027677,,,,,,,,,North America,1966,6062.027677,6062.027677
North America,,1967,6482.405359,,,,,,,,,North America,1967,6482.405359,6482.405359
North America,,1968,6767.500882,,,,,,,,,North America,1968,6767.500882,6767.500882
North America,,1969,6937.699443,,,,,,,,,North America,1969,6937.699443,6937.699443
North America,,1970,7300.578344,,,,,,,,,North America,1970,7300.578344,7300.578344
North America,,1971,7270.598497,,,,,,,,,North America,1971,7270.598497,7270.598497
North America,,1972,7439.695348,,,,,,,,,North America,1972,7439.695348,7439.695348
North America,,1973,7452.809724,,,,,,,,,North America,1973,7452.809724,7452.809724
North America,,1974,7189.771176,,,,,,,,,North America,1974,7189.771176,7189.771176
North America,,1975,6879.155414,,,,,,,,,North America,1975,6879.155414,6879.155414
North America,,1976,6722.816994,,,,,,,,,North America,1976,6722.816994,6722.816994
North America,,1977,6893.610406,,,,,,,,,North America,1977,6893.610406,6893.610406
North America,,1978,7281.401617,,,,,,,,,North America,1978,7281.401617,7281.401617
North America,,1979,7488.85714,,,,,,,,,North America,1979,7488.85714,7488.85714
North America,,1980,7799.668606,,,,,,,,,North America,1980,7799.668606,7799.668606
North America,,1981,7933.446864,,,,,,,,,North America,1981,7933.446864,7933.446864
North America,,1982,8214.274442,,,,,,,,,North America,1982,8214.274442,8214.274442
North America,,1983,8241.572645,,,,,,,,,North America,1983,8241.572645,8241.572645
North America,,1984,8469.704524,,,,,,,,,North America,1984,8469.704524,8469.704524
North America,,1985,8492.740349,,,,,,,,,North America,1985,8492.740349,8492.740349
North America,,1986,8198.536708,,,,,,,,,North America,1986,8198.536708,8198.536708
North America,,1987,8147.860492,,,,,,,,,North America,1987,8147.860492,8147.860492
North America,,1988,8104.340358,,,,,,,,,North America,1988,8104.340358,8104.340358
North America,,1989,7730.679543,,,,,,,,,North America,1989,7730.679543,7730.679543
North America,,1990,7612.344394,,,,,,,,,North America,1990,7612.344394,7612.344394
North America,,1991,7779.638596,,,,,,,,,North America,1991,7779.638596,7779.638596
North America,,1992,7713.287362,,,,,,,,,North America,1992,7713.287362,7713.287362
North America,,1993,7589.3243,,,,,,,,,North America,1993,7589.3243,7589.3243
North America,,1994,7540.478945,,,,,,,,,North America,1994,7540.478945,7540.478945
North America,,1995,7509.181552,,,,,,,,,North America,1995,7509.181552,7509.181552
North America,,1996,7674.301618,,,,,,,,,North America,1996,7674.301618,7674.301618
North America,,1997,7795.282933,,,,,,,,,North America,1997,7795.282933,7795.282933
North America,,1998,7753.623635,,,,,,,,,North America,1998,7753.623635,7753.623635
North America,,1999,7432.906348,,,,,,,,,North America,1999,7432.906348,7432.906348
North America,,2000,7472.153373,,,,,,,,,North America,2000,7472.153373,7472.153373
North America,,2001,7514.375338,,,,,,,,,North America,2001,7514.375338,7514.375338
North America,,2002,7586.96222,,,,,,,,,North America,2002,7586.96222,7586.96222
North America,,2003,7687.00035,,,,,,,,,North America,2003,7687.00035,7687.00035
North America,,2004,7677.730497,,,,,,,,,North America,2004,7677.730497,7677.730497
North America,,2005,7416.773761,,,,,,,,,North America,2005,7416.773761,7416.773761
North America,,2006,7415.787453,,,,,,,,,North America,2006,7415.787453,7415.787453
North America,,2007,7357.572251,,,,,,,,,North America,2007,7357.572251,7357.572251
North America,,2008,7117.890419,,,,,,,,,North America,2008,7117.890419,7117.890419
North America,,2009,7232.389321,,,,,,,,,North America,2009,7232.389321,7232.389321
North America,,2010,7426.714474,,,,,,,,,North America,2010,7426.714474,7426.714474
North America,,2011,7667.073949,,,,,,,,,North America,2011,7667.073949,7667.073949
North America,,2012,8369.227831,,,,,,,,,North America,2012,8369.227831,8369.227831
North America,,2013,9115.912018,,,,,,,,,North America,2013,9115.912018,9115.912018
North America,,2014,10109.07679,,,,,,,,,North America,2014,10109.07679,10109.07679
North America,,2015,10563.08557,,,,,,,,,North America,2015,10563.08557,10563.08557
North America,,2016,10264.89912,,,,,,,,,North America,2016,10264.89912,10264.89912
,,,,,,,,,,,,,,,
OECD,,1965,5996.474853,,,,,,,,,OECD,1965,5996.474853,5996.474853
OECD,,1966,6363.113449,,,,,,,,,OECD,1966,6363.113449,6363.113449
OECD,,1967,6794.79592,,,,,,,,,OECD,1967,6794.79592,6794.79592
OECD,,1968,7095.619948,,,,,,,,,OECD,1968,7095.619948,7095.619948
OECD,,1969,7271.985605,,,,,,,,,OECD,1969,7271.985605,7271.985605
OECD,,1970,7702.729881,,,,,,,,,OECD,1970,7702.729881,7702.729881
OECD,,1971,7740.046778,,,,,,,,,OECD,1971,7740.046778,7740.046778
OECD,,1972,7927.712488,,,,,,,,,OECD,1972,7927.712488,7927.712488
OECD,,1973,7987.93366,,,,,,,,,OECD,1973,7987.93366,7987.93366
OECD,,1974,7724.959244,,,,,,,,,OECD,1974,7724.959244,7724.959244
OECD,,1975,7525.040363,,,,,,,,,OECD,1975,7525.040363,7525.040363
OECD,,1976,7542.22449,,,,,,,,,OECD,1976,7542.22449,7542.22449
OECD,,1977,8029.077794,,,,,,,,,OECD,1977,8029.077794,8029.077794
OECD,,1978,8635.176274,,,,,,,,,OECD,1978,8635.176274,8635.176274
OECD,,1979,9148.491487,,,,,,,,,OECD,1979,9148.491487,9148.491487
OECD,,1980,9538.853387,,,,,,,,,OECD,1980,9538.853387,9538.853387
OECD,,1981,9768.664564,,,,,,,,,OECD,1981,9768.664564,9768.664564
OECD,,1982,10247.61975,,,,,,,,,OECD,1982,10247.61975,10247.61975
OECD,,1983,10509.92683,,,,,,,,,OECD,1983,10509.92683,10509.92683
OECD,,1984,10997.39001,,,,,,,,,OECD,1984,10997.39001,10997.39001
OECD,,1985,11148.82459,,,,,,,,,OECD,1985,11148.82459,11148.82459
OECD,,1986,10875.21028,,,,,,,,,OECD,1986,10875.21028,10875.21028
OECD,,1987,10900.47352,,,,,,,,,OECD,1987,10900.47352,10900.47352
OECD,,1988,10825.19551,,,,,,,,,OECD,1988,10825.19551,10825.19551
OECD,,1989,10373.28769,,,,,,,,,OECD,1989,10373.28769,10373.28769
OECD,,1990,10393.65032,,,,,,,,,OECD,1990,10393.65032,10393.65032
OECD,,1991,10688.69973,,,,,,,,,OECD,1991,10688.69973,10688.69973
OECD,,1992,10798.47901,,,,,,,,,OECD,1992,10798.47901,10798.47901
OECD,,1993,10795.64802,,,,,,,,,OECD,1993,10795.64802,10795.64802
OECD,,1994,11263.49488,,,,,,,,,OECD,1994,11263.49488,11263.49488
OECD,,1995,11349.6923,,,,,,,,,OECD,1995,11349.6923,11349.6923
OECD,,1996,11722.5629,,,,,,,,,OECD,1996,11722.5629,11722.5629
OECD,,1997,11872.20181,,,,,,,,,OECD,1997,11872.20181,11872.20181
OECD,,1998,11778.37136,,,,,,,,,OECD,1998,11778.37136,11778.37136
OECD,,1999,11513.34358,,,,,,,,,OECD,1999,11513.34358,11513.34358
OECD,,2000,11695.24155,,,,,,,,,OECD,2000,11695.24155,11695.24155
OECD,,2001,11599.42311,,,,,,,,,OECD,2001,11599.42311,11599.42311
OECD,,2002,11645.23111,,,,,,,,,OECD,2002,11645.23111,11645.23111
OECD,,2003,11526.28446,,,,,,,,,OECD,2003,11526.28446,11526.28446
OECD,,2004,11310.77801,,,,,,,,,OECD,2004,11310.77801,11310.77801
OECD,,2005,10774.10915,,,,,,,,,OECD,2005,10774.10915,10774.10915
OECD,,2006,10517.19465,,,,,,,,,OECD,2006,10517.19465,10517.19465
OECD,,2007,10342.16992,,,,,,,,,OECD,2007,10342.16992,10342.16992
OECD,,2008,9977.712581,,,,,,,,,OECD,2008,9977.712581,9977.712581
OECD,,2009,9928.083115,,,,,,,,,OECD,2009,9928.083115,9928.083115
OECD,,2010,9963.06133,,,,,,,,,OECD,2010,9963.06133,9963.06133
OECD,,2011,9967.387943,,,,,,,,,OECD,2011,9967.387943,9967.387943
OECD,,2012,10491.12849,,,,,,,,,OECD,2012,10491.12849,10491.12849
OECD,,2013,11092.87669,,,,,,,,,OECD,2013,11092.87669,11092.87669
OECD,,2014,12117.30285,,,,,,,,,OECD,2014,12117.30285,12117.30285
OECD,,2015,12635.08389,,,,,,,,,OECD,2015,12635.08389,12635.08389
OECD,,2016,12327.43971,,,,,,,,,OECD,2016,12327.43971,12327.43971
OPEC,,1965,8126.77788,,,,,,,,,OPEC,1965,8126.77788,8126.77788
OPEC,,1966,8951.562959,,,,,,,,,OPEC,1966,8951.562959,8951.562959
OPEC,,1967,9527.857526,,,,,,,,,OPEC,1967,9527.857526,9527.857526
OPEC,,1968,10607.09282,,,,,,,,,OPEC,1968,10607.09282,10607.09282
OPEC,,1969,11713.10378,,,,,,,,,OPEC,1969,11713.10378,11713.10378
OPEC,,1970,13159.35417,,,,,,,,,OPEC,1970,13159.35417,13159.35417
OPEC,,1971,14298.66523,,,,,,,,,OPEC,1971,14298.66523,14298.66523
OPEC,,1972,15312.80502,,,,,,,,,OPEC,1972,15312.80502,15312.80502
OPEC,,1973,17318.1374,,,,,,,,,OPEC,1973,17318.1374,17318.1374
OPEC,,1974,17160.49946,,,,,,,,,OPEC,1974,17160.49946,17160.49946
OPEC,,1975,15112.81738,,,,,,,,,OPEC,1975,15112.81738,15112.81738
OPEC,,1976,17106.63595,,,,,,,,,OPEC,1976,17106.63595,17106.63595
OPEC,,1977,17266.36284,,,,,,,,,OPEC,1977,17266.36284,17266.36284
OPEC,,1978,16496.64014,,,,,,,,,OPEC,1978,16496.64014,16496.64014
OPEC,,1979,17234.74288,,,,,,,,,OPEC,1979,17234.74288,17234.74288
OPEC,,1980,14972.47513,,,,,,,,,OPEC,1980,14972.47513,14972.47513
OPEC,,1981,12553.71616,,,,,,,,,OPEC,1981,12553.71616,12553.71616
OPEC,,1982,10694.51604,,,,,,,,,OPEC,1982,10694.51604,10694.51604
OPEC,,1983,9636.626213,,,,,,,,,OPEC,1983,9636.626213,9636.626213
OPEC,,1984,9394.65609,,,,,,,,,OPEC,1984,9394.65609,9394.65609
OPEC,,1985,8976.065437,,,,,,,,,OPEC,1985,8976.065437,8976.065437
OPEC,,1986,10484.95195,,,,,,,,,OPEC,1986,10484.95195,10484.95195
OPEC,,1987,10356.3242,,,,,,,,,OPEC,1987,10356.3242,10356.3242
OPEC,,1988,11720.26568,,,,,,,,,OPEC,1988,11720.26568,11720.26568
OPEC,,1989,12526.12676,,,,,,,,,OPEC,1989,12526.12676,12526.12676
OPEC,,1990,13481.92633,,,,,,,,,OPEC,1990,13481.92633,13481.92633
OPEC,,1991,13542.55847,,,,,,,,,OPEC,1991,13542.55847,13542.55847
OPEC,,1992,14442.68138,,,,,,,,,OPEC,1992,14442.68138,14442.68138
OPEC,,1993,14811.67964,,,,,,,,,OPEC,1993,14811.67964,14811.67964
OPEC,,1994,15135.95968,,,,,,,,,OPEC,1994,15135.95968,15135.95968
OPEC,,1995,15319.28651,,,,,,,,,OPEC,1995,15319.28651,15319.28651
OPEC,,1996,15874.75559,,,,,,,,,OPEC,1996,15874.75559,15874.75559
OPEC,,1997,16636.47455,,,,,,,,,OPEC,1997,16636.47455,16636.47455
OPEC,,1998,17326.07513,,,,,,,,,OPEC,1998,17326.07513,17326.07513
OPEC,,1999,16672.94551,,,,,,,,,OPEC,1999,16672.94551,16672.94551
OPEC,,2000,17581.60737,,,,,,,,,OPEC,2000,17581.60737,17581.60737
OPEC,,2001,17275.98834,,,,,,,,,OPEC,2001,17275.98834,17275.98834
OPEC,,2002,16435.68537,,,,,,,,,OPEC,2002,16435.68537,16435.68537
OPEC,,2003,17583.73985,,,,,,,,,OPEC,2003,17583.73985,17583.73985
OPEC,,2004,19171.77533,,,,,,,,,OPEC,2004,19171.77533,19171.77533
OPEC,,2005,19659.14998,,,,,,,,,OPEC,2005,19659.14998,19659.14998
OPEC,,2006,19909.0723,,,,,,,,,OPEC,2006,19909.0723,19909.0723
OPEC,,2007,19702.58885,,,,,,,,,OPEC,2007,19702.58885,19702.58885
OPEC,,2008,20317.75898,,,,,,,,,OPEC,2008,20317.75898,20317.75898
OPEC,,2009,18882.0105,,,,,,,,,OPEC,2009,18882.0105,18882.0105
OPEC,,2010,19398.74365,,,,,,,,,OPEC,2010,19398.74365,19398.74365
OPEC,,2011,19859.35617,,,,,,,,,OPEC,2011,19859.35617,19859.35617
OPEC,,2012,20701.2863,,,,,,,,,OPEC,2012,20701.2863,20701.2863
OPEC,,2013,20142.94142,,,,,,,,,OPEC,2013,20142.94142,20142.94142
OPEC,,2014,20120.87917,,,,,,,,,OPEC,2014,20120.87917,20120.87917
OPEC,,2015,20971.35313,,,,,,,,,OPEC,2015,20971.35313,20971.35313
OPEC,,2016,21680.46477,,,,,,,,,OPEC,2016,21680.46477,21680.46477
,,,,,,,,,,,,,,,
Other South & Central America,,1965,25.6556018,,,South & Central America,,1965,2631.581072,,,South & Central America,1965,2657.236674,2657.236674
Other South & Central America,,1966,29.37674176,,,South & Central America,,1966,2603.813154,,,South & Central America,1966,2633.189896,2633.189896
Other South & Central America,,1967,41.76048996,,,South & Central America,,1967,2771.249479,,,South & Central America,1967,2813.009969,2813.009969
Other South & Central America,,1968,45.36690624,,,South & Central America,,1968,2845.339905,,,South & Central America,1968,2890.706811,2890.706811
Other South & Central America,,1969,44.86210608,,,South & Central America,,1969,2851.017423,,,South & Central America,1969,2895.879529,2895.879529
Other South & Central America,,1970,34.37227257,,,South & Central America,,1970,2927.95429,,,South & Central America,1970,2962.326563,2962.326563
Other South & Central America,,1971,42.42955295,,,South & Central America,,1971,2859.631126,,,South & Central America,1971,2902.060679,2902.060679
Other South & Central America,,1972,46.4141481,,,South & Central America,,1972,2724.823652,,,South & Central America,1972,2771.2378,2771.2378
Other South & Central America,,1973,46.46170774,,,South & Central America,,1973,2899.742588,,,South & Central America,1973,2946.204296,2946.204296
Other South & Central America,,1974,44.26016077,,,South & Central America,,1974,2640.765528,,,South & Central America,1974,2685.025689,2685.025689
Other South & Central America,,1975,40.22623516,,,South & Central America,,1975,2230.057167,,,South & Central America,1975,2270.283402,2270.283402
Other South & Central America,,1976,40.27688567,,,South & Central America,,1976,2213.741056,,,South & Central America,1976,2254.017942,2254.017942
Other South & Central America,,1977,35.0157274,,,South & Central America,,1977,2195.01195,,,South & Central America,1977,2230.027677,2230.027677
Other South & Central America,,1978,33.91818401,,,South & Central America,,1978,2199.117219,,,South & Central America,1978,2233.035403,2233.035403
Other South & Central America,,1979,34.36361724,,,South & Central America,,1979,2354.753209,,,South & Central America,1979,2389.116826,2389.116826
Other South & Central America,,1980,42.28008462,,,South & Central America,,1980,2264.743144,,,South & Central America,1980,2307.023229,2307.023229
Other South & Central America,,1981,45.90731025,,,South & Central America,,1981,2243.920949,,,South & Central America,1981,2289.828259,2289.828259
Other South & Central America,,1982,53.05428074,,,South & Central America,,1982,2149.151137,,,South & Central America,1982,2202.205418,2202.205418
Other South & Central America,,1983,52.8502952,,,South & Central America,,1983,2130.459145,,,South & Central America,1983,2183.30944,2183.30944
Other South & Central America,,1984,51.17388344,,,South & Central America,,1984,2246.664463,,,South & Central America,1984,2297.838346,2297.838346
Other South & Central America,,1985,49.41913794,,,South & Central America,,1985,2240.125845,,,South & Central America,1985,2289.544983,2289.544983
Other South & Central America,,1986,48.51855132,,,South & Central America,,1986,2401.825981,,,South & Central America,1986,2450.344532,2450.344532
Other South & Central America,,1987,46.45475622,,,South & Central America,,1987,2367.991826,,,South & Central America,1987,2414.446582,2414.446582
Other South & Central America,,1988,41.62325172,,,South & Central America,,1988,2488.5593,,,South & Central America,1988,2530.182552,2530.182552
Other South & Central America,,1989,41.04248445,,,South & Central America,,1989,2516.283323,,,South & Central America,1989,2557.325807,2557.325807
Other South & Central America,,1990,41.60179314,,,South & Central America,,1990,2721.212943,,,South & Central America,1990,2762.814736,2762.814736
Other South & Central America,,1991,41.5899999,,,South & Central America,,1991,2868.913607,,,South & Central America,1991,2910.503607,2910.503607
Other South & Central America,,1992,41.41701287,,,South & Central America,,1992,2933.27547,,,South & Central America,1992,2974.692483,2974.692483
Other South & Central America,,1993,45.56128683,,,South & Central America,,1993,3045.840713,,,South & Central America,1993,3091.402,3091.402
Other South & Central America,,1994,49.62799275,,,South & Central America,,1994,3229.091585,,,South & Central America,1994,3278.719578,3278.719578
Other South & Central America,,1995,53.85684705,,,South & Central America,,1995,3489.864463,,,South & Central America,1995,3543.72131,3543.72131
Other South & Central America,,1996,57.71045233,,,South & Central America,,1996,3730.585702,,,South & Central America,1996,3788.296154,3788.296154
Other South & Central America,,1997,61.42761311,,,South & Central America,,1997,3888.742572,,,South & Central America,1997,3950.170185,3950.170185
Other South & Central America,,1998,71.70561369,,,South & Central America,,1998,4115.762695,,,South & Central America,1998,4187.468309,4187.468309
Other South & Central America,,1999,71.98756911,,,South & Central America,,1999,3985.106092,,,South & Central America,1999,4057.093661,4057.093661
Other South & Central America,,2000,76.09430959,,,South & Central America,,2000,4012.9912,,,South & Central America,2000,4089.08551,4089.08551
Other South & Central America,,2001,79.96295556,,,South & Central America,,2001,4063.283528,,,South & Central America,2001,4143.246484,4143.246484
Other South & Central America,,2002,90.88785055,,,South & Central America,,2002,4029.692746,,,South & Central America,2002,4120.580597,4120.580597
Other South & Central America,,2003,91.05886616,,,South & Central America,,2003,3997.423884,,,South & Central America,2003,4088.48275,4088.48275
Other South & Central America,,2004,86.44199887,,,South & Central America,,2004,4280.953027,,,South & Central America,2004,4367.395026,4367.395026
Other South & Central America,,2005,85.2548291,,,South & Central America,,2005,4359.366675,,,South & Central America,2005,4444.621504,4444.621504
Other South & Central America,,2006,81.5769121,,,South & Central America,,2006,4445.202455,,,South & Central America,2006,4526.779367,4526.779367
Other South & Central America,,2007,82.40455744,,,South & Central America,,2007,4353.36781,,,South & Central America,2007,4435.772367,4435.772367
Other South & Central America,,2008,82.14989294,,,South & Central America,,2008,4425.629062,,,South & Central America,2008,4507.778955,4507.778955
Other South & Central America,,2009,76.38055527,,,South & Central America,,2009,4388.575534,,,South & Central America,2009,4464.956089,4464.956089
Other South & Central America,,2010,79.70454301,,,South & Central America,,2010,4400.375707,,,South & Central America,2010,4480.08025,4480.08025
Other South & Central America,,2011,81.03287872,,,South & Central America,,2011,4431.951805,,,South & Central America,2011,4512.984684,4512.984684
Other South & Central America,,2012,84.42058281,,,South & Central America,,2012,4406.245161,,,South & Central America,2012,4490.665744,4490.665744
Other South & Central America,,2013,86.79562372,,,South & Central America,,2013,4410.287112,,,South & Central America,2013,4497.082736,4497.082736
Other South & Central America,,2014,89.77504542,,,South & Central America,,2014,4569.483001,,,South & Central America,2014,4659.258046,4659.258046
Other South & Central America,,2015,87.25685634,,,South & Central America,,2015,4635.377209,,,South & Central America,2015,4722.634065,4722.634065
Other South & Central America,,2016,80.97471809,,,South & Central America,,2016,4471.520458,,,South & Central America,2016,4552.495176,4552.495176